work_order_id,turnaround_id,unit,discipline,job_type,work_category,on_critical_path,contractor,planned_start,planned_finish,actual_start,actual_finish,planned_hours,actual_hours,crew_size,planned_cost,actual_cost,material_cost_planned,material_cost_actual,material_ready_on_time,rework_flag,safety_standdown_hours,primary_delay_reason
WO-00001,TAR-2021-CDU,Crude Distillation Unit,Electrical,Inspection,Planned,N,In-House Maintenance,2021-04-21,2021-04-25,2021-04-22,2021-04-26,32.7,34.9,11,4679.0,4956.0,560.0,560.0,Y,N,0.0,Labor Productivity
WO-00002,TAR-2021-CDU,Crude Distillation Unit,Inspection/NDT,Overhaul,Discovery,N,In-House Maintenance,2021-04-14,2021-04-18,2021-04-14,2021-04-22,60.4,123.1,13,9577.0,18906.0,747.0,909.0,N,N,0.0,Scope Growth / Discovery
WO-00003,TAR-2021-CDU,Crude Distillation Unit,Scaffolding,Cleaning,Discovery,N,Delta Mechanical Ltd,2021-04-26,2021-05-06,2021-04-26,2021-05-19,95.8,225.0,10,8098.0,17358.0,1231.0,1231.0,Y,Y,0.0,Scope Growth / Discovery
WO-00004,TAR-2021-CDU,Crude Distillation Unit,Piping,Replacement,Planned,N,Delta Mechanical Ltd,2021-04-24,2021-05-03,2021-04-25,2021-05-07,134.0,183.6,11,15291.0,19940.0,2732.0,2732.0,Y,N,0.0,Permit / Isolation Wait
WO-00005,TAR-2021-CDU,Crude Distillation Unit,Inspection/NDT,Inspection,Planned,N,Apex Turnaround Services,2021-04-23,2021-04-30,2021-04-23,2021-04-30,62.4,58.4,6,11561.0,10967.0,2302.0,2302.0,Y,N,0.0,On Plan
WO-00006,TAR-2021-CDU,Crude Distillation Unit,Civil,Repair,Emergent,N,In-House Maintenance,2021-04-11,2021-04-23,2021-04-11,2021-04-25,202.2,244.0,10,25439.0,28693.0,9700.0,9700.0,Y,N,0.0,Scope Growth / Discovery
WO-00007,TAR-2021-CDU,Crude Distillation Unit,Piping,Inspection,Planned,N,In-House Maintenance,2021-04-22,2021-05-03,2021-04-22,2021-05-04,92.3,99.8,13,11115.0,11846.0,2123.0,2123.0,Y,N,0.0,Permit / Isolation Wait
WO-00008,TAR-2021-CDU,Crude Distillation Unit,Valves,Repair,Discovery,Y,Apex Turnaround Services,2021-04-08,2021-04-18,2021-04-08,2021-04-30,163.37282943262824,351.5,10,23688.0,43640.0,6362.0,6362.0,Y,Y,0.0,Scope Growth / Discovery
WO-00009,TAR-2021-CDU,Crude Distillation Unit,Electrical,Repair,Planned,N,Northgate Industrial,2021-04-13,2021-04-18,2021-04-13,2021-04-18,41.4,38.5,7,6128.0,5739.0,582.0,582.0,Y,N,0.0,On Plan
WO-00010,TAR-2021-CDU,Crude Distillation Unit,Catalyst Handling,Overhaul,Discovery,N,Sterling TAR Contractors,2021-05-01,2021-05-11,2021-05-01,2021-05-17,99.5,163.1,6,14741.0,21192.0,4649.0,4649.0,Y,N,0.0,Scope Growth / Discovery
WO-00011,TAR-2021-CDU,Crude Distillation Unit,Scaffolding,Cleaning,Planned,N,Delta Mechanical Ltd,2021-04-20,2021-04-24,2021-04-20,2021-04-26,61.8,99.7,10,7028.0,9617.0,2806.0,2806.0,Y,Y,0.0,Rework / Quality
WO-00012,TAR-2021-CDU,Crude Distillation Unit,Mechanical (Rotating),Repair,Planned,N,In-House Maintenance,2021-04-09,2021-04-18,2021-04-10,2021-04-23,164.3,234.2,10,31870.0,41700.0,8765.0,8765.0,Y,Y,0.0,Rework / Quality
WO-00013,TAR-2021-CDU,Crude Distillation Unit,Piping,Inspection,Discovery,Y,Sterling TAR Contractors,2021-04-24,2021-04-29,2021-04-25,2021-05-04,81.06504893337028,145.3,3,8990.0,15428.0,1426.0,1870.0,N,N,0.0,Scope Growth / Discovery
WO-00014,TAR-2021-CDU,Crude Distillation Unit,Mechanical (Rotating),Repair,Planned,N,In-House Maintenance,2021-04-25,2021-04-30,2021-04-26,2021-05-02,68.6,79.5,5,11589.0,13050.0,2399.0,2399.0,Y,N,0.0,Permit / Isolation Wait
WO-00015,TAR-2021-CDU,Crude Distillation Unit,Valves,Inspection,Discovery,N,Delta Mechanical Ltd,2021-04-30,2021-05-31,2021-05-01,2021-07-10,584.0,1325.5,4,75092.0,162385.0,6340.0,6340.0,Y,N,0.0,Scope Growth / Discovery
WO-00016,TAR-2021-CDU,Crude Distillation Unit,Electrical,Cleaning,Discovery,N,Sterling TAR Contractors,2021-04-09,2021-04-15,2021-04-10,2021-04-20,75.8,122.5,5,11108.0,16830.0,1820.0,1820.0,Y,N,0.0,Scope Growth / Discovery
WO-00017,TAR-2021-CDU,Crude Distillation Unit,Piping,Overhaul,Discovery,N,Northgate Industrial,2021-05-03,2021-06-02,2021-05-04,2021-06-29,273.9,512.6,9,40265.0,65126.0,13195.0,14465.0,N,N,0.0,Scope Growth / Discovery
WO-00018,TAR-2021-CDU,Crude Distillation Unit,Mechanical (Rotating),Overhaul,Emergent,N,Northgate Industrial,2021-04-23,2021-04-27,2021-04-24,2021-04-29,56.7,72.3,11,9767.0,12004.0,1635.0,1635.0,Y,N,0.0,Scope Growth / Discovery
WO-00019,TAR-2021-CDU,Crude Distillation Unit,Electrical,Inspection,Planned,N,In-House Maintenance,2021-04-14,2021-04-17,2021-04-15,2021-04-19,26.9,33.8,3,3954.0,4803.0,641.0,641.0,Y,N,0.0,Permit / Isolation Wait
WO-00020,TAR-2021-CDU,Crude Distillation Unit,Insulation,Replacement,Planned,N,In-House Maintenance,2021-04-21,2021-04-24,2021-04-21,2021-04-25,45.8,62.9,10,4603.0,6189.0,1595.0,2058.0,N,N,0.0,Material Delay
WO-00021,TAR-2021-CDU,Crude Distillation Unit,Mechanical (Static/Vessels),Repair,Planned,N,Sterling TAR Contractors,2021-05-04,2021-05-15,2021-05-04,2021-05-19,117.6,162.9,3,19447.0,25028.0,5875.0,6228.0,N,N,0.0,Material Delay
WO-00022,TAR-2021-CDU,Crude Distillation Unit,Electrical,Inspection,Planned,N,Apex Turnaround Services,2021-04-30,2021-05-09,2021-04-30,2021-05-11,75.0,92.7,4,12863.0,15187.0,3016.0,3016.0,Y,N,0.0,Inspection Hold
WO-00023,TAR-2021-CDU,Crude Distillation Unit,Mechanical (Rotating),Overhaul,Planned,N,Delta Mechanical Ltd,2021-04-18,2021-04-23,2021-04-19,2021-04-24,53.7,53.4,6,9832.0,9792.0,2649.0,2649.0,Y,N,0.0,On Plan
WO-00024,TAR-2021-CDU,Crude Distillation Unit,Mechanical (Static/Vessels),Cleaning,Emergent,N,In-House Maintenance,2021-04-09,2021-04-15,2021-04-09,2021-04-25,71.3,190.7,5,9500.0,24076.0,844.0,926.0,N,N,0.0,Scope Growth / Discovery
WO-00025,TAR-2021-CDU,Crude Distillation Unit,Piping,Repair,Planned,N,Sterling TAR Contractors,2021-04-22,2021-04-24,2021-04-23,2021-04-25,26.8,22.4,4,3663.0,3228.0,1012.0,1012.0,Y,N,0.0,On Plan
WO-00026,TAR-2021-CDU,Crude Distillation Unit,Valves,Repair,Planned,N,Northgate Industrial,2021-05-01,2021-05-12,2021-05-02,2021-05-15,95.2,116.7,2,11013.0,13295.0,907.0,907.0,Y,N,0.0,Labor Productivity
WO-00027,TAR-2021-CDU,Crude Distillation Unit,Piping,Cleaning,Planned,N,Apex Turnaround Services,2021-04-15,2021-04-19,2021-04-15,2021-04-19,64.4,52.7,10,7794.0,6627.0,1368.0,1368.0,Y,N,0.0,On Plan
WO-00028,TAR-2021-CDU,Crude Distillation Unit,Piping,Replacement,Planned,Y,Northgate Industrial,2021-04-18,2021-04-30,2021-04-19,2021-05-03,158.09752497676456,182.2,3,21225.0,23424.0,6800.0,6800.0,Y,N,0.0,Labor Productivity
WO-00029,TAR-2021-CDU,Crude Distillation Unit,Mechanical (Static/Vessels),Repair,Emergent,Y,Northgate Industrial,2021-04-14,2021-04-19,2021-04-14,2021-04-20,84.43759962006897,94.0,10,12244.0,14073.0,1907.0,2566.0,N,N,0.0,Scope Growth / Discovery
WO-00030,TAR-2021-CDU,Crude Distillation Unit,Valves,Overhaul,Emergent,N,Sterling TAR Contractors,2021-04-05,2021-04-09,2021-04-05,2021-04-13,34.1,64.3,5,4918.0,8207.0,1205.0,1205.0,Y,N,0.0,Scope Growth / Discovery
WO-00031,TAR-2021-CDU,Crude Distillation Unit,Instrumentation,Repair,Planned,N,Sterling TAR Contractors,2021-05-04,2021-05-07,2021-05-04,2021-05-08,68.3,82.7,5,11672.0,13585.0,2599.0,2599.0,Y,N,0.0,Permit / Isolation Wait
WO-00032,TAR-2021-CDU,Crude Distillation Unit,Instrumentation,Inspection,Discovery,N,In-House Maintenance,2021-04-12,2021-04-17,2021-04-12,2021-04-20,60.6,101.8,13,11237.0,16969.0,2806.0,2806.0,Y,N,0.0,Scope Growth / Discovery
WO-00033,TAR-2021-CDU,Crude Distillation Unit,Mechanical (Rotating),Cleaning,Planned,N,In-House Maintenance,2021-04-05,2021-04-07,2021-04-06,2021-04-08,46.3,40.3,10,7371.0,6570.0,1188.0,1188.0,Y,N,0.0,On Plan
WO-00034,TAR-2021-CDU,Crude Distillation Unit,Mechanical (Static/Vessels),Repair,Discovery,N,Northgate Industrial,2021-04-21,2021-04-22,2021-04-21,2021-04-22,21.0,27.3,4,3037.0,3784.0,546.0,546.0,Y,N,0.0,Scope Growth / Discovery
WO-00035,TAR-2021-CDU,Crude Distillation Unit,Instrumentation,Overhaul,Planned,N,Sterling TAR Contractors,2021-04-15,2021-05-11,2021-04-15,2021-05-21,296.9,414.0,12,50090.0,66040.0,9650.0,9650.0,Y,Y,0.0,Rework / Quality
WO-00036,TAR-2021-CDU,Crude Distillation Unit,Mechanical (Static/Vessels),Cleaning,Planned,N,Apex Turnaround Services,2021-04-18,2021-04-28,2021-04-19,2021-05-01,141.1,162.7,13,24095.0,26824.0,6266.0,6266.0,Y,N,0.0,Permit / Isolation Wait
WO-00037,TAR-2021-CDU,Crude Distillation Unit,Instrumentation,Inspection,Discovery,N,Apex Turnaround Services,2021-04-28,2021-05-14,2021-04-28,2021-05-28,141.7,268.3,12,23024.0,39633.0,4434.0,4434.0,Y,Y,5.4,Scope Growth / Discovery
WO-00038,TAR-2021-CDU,Crude Distillation Unit,Piping,Inspection,Planned,N,In-House Maintenance,2021-04-20,2021-04-27,2021-04-21,2021-04-28,120.4,122.7,5,16835.0,17055.0,5328.0,5328.0,Y,N,0.0,On Plan
WO-00039,TAR-2021-CDU,Crude Distillation Unit,Piping,Repair,Planned,N,Sterling TAR Contractors,2021-04-05,2021-04-16,2021-04-06,2021-04-20,99.3,126.4,9,10485.0,12934.0,1512.0,1512.0,Y,N,0.0,Inspection Hold
WO-00040,TAR-2021-CDU,Crude Distillation Unit,Mechanical (Static/Vessels),Inspection,Planned,N,Northgate Industrial,2021-04-29,2021-05-12,2021-04-30,2021-05-17,156.3,199.4,11,23926.0,29501.0,3707.0,3707.0,Y,N,0.0,Inspection Hold
WO-00041,TAR-2021-CDU,Crude Distillation Unit,Inspection/NDT,Inspection,Planned,N,Northgate Industrial,2021-04-28,2021-05-04,2021-04-28,2021-05-04,103.4,81.1,2,17191.0,13755.0,1259.0,1259.0,Y,N,0.0,On Plan
WO-00042,TAR-2021-CDU,Crude Distillation Unit,Valves,Inspection,Emergent,Y,In-House Maintenance,2021-04-24,2021-06-02,2021-04-25,2021-07-26,432.70116762238564,1019.7,9,56403.0,125414.0,7500.0,10169.0,N,Y,0.0,Scope Growth / Discovery
WO-00043,TAR-2021-CDU,Crude Distillation Unit,Valves,Replacement,Planned,N,Delta Mechanical Ltd,2021-04-09,2021-04-17,2021-04-10,2021-04-18,74.3,76.8,6,10594.0,10887.0,1884.0,1884.0,Y,N,0.0,On Plan
WO-00044,TAR-2021-CDU,Crude Distillation Unit,Mechanical (Static/Vessels),Overhaul,Planned,N,Sterling TAR Contractors,2021-04-26,2021-04-28,2021-04-27,2021-04-29,36.1,29.9,11,5990.0,5273.0,1816.0,1816.0,Y,N,0.0,On Plan
WO-00045,TAR-2021-CDU,Crude Distillation Unit,Mechanical (Rotating),Overhaul,Planned,N,Delta Mechanical Ltd,2021-04-10,2021-04-17,2021-04-10,2021-04-21,83.5,127.6,6,14941.0,21557.0,2414.0,2414.0,Y,N,0.0,Labor Productivity
WO-00046,TAR-2021-CDU,Crude Distillation Unit,Mechanical (Rotating),Overhaul,Planned,N,In-House Maintenance,2021-04-05,2021-04-07,2021-04-05,2021-04-07,41.0,34.8,4,5984.0,5130.0,337.0,337.0,Y,N,0.0,On Plan
WO-00047,TAR-2021-CDU,Crude Distillation Unit,Valves,Repair,Planned,N,Northgate Industrial,2021-04-14,2021-04-22,2021-04-14,2021-04-25,75.8,103.9,5,11584.0,15519.0,2746.0,3405.0,N,N,0.0,Material Delay
WO-00048,TAR-2021-CDU,Crude Distillation Unit,Mechanical (Static/Vessels),Repair,Discovery,N,Delta Mechanical Ltd,2021-04-10,2021-04-12,2021-04-10,2021-04-14,27.8,53.0,3,3977.0,7071.0,730.0,881.0,N,N,0.0,Scope Growth / Discovery
WO-00049,TAR-2021-CDU,Crude Distillation Unit,Scaffolding,Repair,Planned,N,Sterling TAR Contractors,2021-04-10,2021-04-12,2021-04-11,2021-04-13,21.8,24.1,12,1741.0,1897.0,265.0,265.0,Y,N,0.0,Permit / Isolation Wait
WO-00050,TAR-2021-CDU,Crude Distillation Unit,Mechanical (Static/Vessels),Repair,Planned,N,Sterling TAR Contractors,2021-04-16,2021-05-02,2021-04-16,2021-05-07,157.3,202.7,11,26600.0,32355.0,6660.0,6660.0,Y,N,0.0,Permit / Isolation Wait
WO-00051,TAR-2021-CDU,Crude Distillation Unit,Piping,Cleaning,Planned,N,Sterling TAR Contractors,2021-05-04,2021-05-29,2021-05-04,2021-06-08,391.5,541.7,6,42373.0,57276.0,4824.0,5322.0,N,N,0.0,Material Delay
WO-00052,TAR-2021-CDU,Crude Distillation Unit,Insulation,Replacement,Planned,N,Northgate Industrial,2021-04-18,2021-04-20,2021-04-19,2021-04-22,30.2,40.8,4,3800.0,4555.0,1649.0,1649.0,Y,N,8.3,Safety Stand-down
WO-00053,TAR-2021-CDU,Crude Distillation Unit,Civil,Repair,Planned,N,Apex Turnaround Services,2021-04-08,2021-04-15,2021-04-09,2021-04-18,104.3,128.0,5,12063.0,13887.0,4037.0,4037.0,Y,N,0.0,Permit / Isolation Wait
WO-00054,TAR-2021-CDU,Crude Distillation Unit,Piping,Overhaul,Planned,N,In-House Maintenance,2021-05-02,2021-05-05,2021-05-03,2021-05-06,39.2,35.6,5,5943.0,5587.0,2066.0,2066.0,Y,N,0.0,On Plan
WO-00055,TAR-2021-CDU,Crude Distillation Unit,Inspection/NDT,Replacement,Planned,N,Delta Mechanical Ltd,2021-04-15,2021-04-25,2021-04-15,2021-04-27,114.4,131.8,12,21625.0,24270.0,4230.0,4230.0,Y,N,0.0,Inspection Hold
WO-00056,TAR-2021-CDU,Crude Distillation Unit,Insulation,Cleaning,Discovery,N,In-House Maintenance,2021-04-22,2021-05-03,2021-04-22,2021-05-03,87.9,86.1,2,10546.0,10417.0,4234.0,4234.0,Y,N,0.0,On Plan
WO-00057,TAR-2021-CDU,Crude Distillation Unit,Electrical,Cleaning,Discovery,N,Apex Turnaround Services,2021-05-04,2021-05-06,2021-05-04,2021-05-06,37.3,36.0,9,5627.0,5456.0,718.0,718.0,Y,N,0.0,On Plan
WO-00058,TAR-2021-CDU,Crude Distillation Unit,Mechanical (Rotating),Replacement,Discovery,N,In-House Maintenance,2021-04-27,2021-05-02,2021-04-27,2021-05-05,81.9,133.8,10,12224.0,19727.0,698.0,897.0,N,N,0.0,Scope Growth / Discovery
WO-00059,TAR-2021-CDU,Crude Distillation Unit,Scaffolding,Cleaning,Planned,N,Sterling TAR Contractors,2021-04-07,2021-04-11,2021-04-08,2021-04-12,67.3,72.8,11,7701.0,8272.0,2958.0,3142.0,N,N,0.0,Material Delay
WO-00060,TAR-2021-CDU,Crude Distillation Unit,Mechanical (Static/Vessels),Replacement,Planned,N,Apex Turnaround Services,2021-04-11,2021-04-14,2021-04-12,2021-04-16,50.4,66.4,3,6879.0,8795.0,844.0,844.0,Y,N,0.0,Permit / Isolation Wait
WO-00061,TAR-2021-CDU,Crude Distillation Unit,Mechanical (Rotating),Repair,Planned,N,In-House Maintenance,2021-04-13,2021-04-23,2021-04-13,2021-04-24,159.8,173.9,8,27992.0,29924.0,6096.0,6096.0,Y,N,0.0,Inspection Hold
WO-00062,TAR-2021-CDU,Crude Distillation Unit,Valves,Inspection,Discovery,N,Delta Mechanical Ltd,2021-04-15,2021-04-18,2021-04-15,2021-04-21,36.4,73.1,9,5522.0,9758.0,1425.0,1529.0,N,N,0.0,Scope Growth / Discovery
WO-00063,TAR-2021-CDU,Crude Distillation Unit,Inspection/NDT,Repair,Planned,N,Sterling TAR Contractors,2021-04-07,2021-04-16,2021-04-07,2021-04-17,164.9,183.9,4,27271.0,30135.0,2413.0,2413.0,Y,N,0.0,Labor Productivity
WO-00064,TAR-2021-CDU,Crude Distillation Unit,Piping,Repair,Planned,N,Apex Turnaround Services,2021-04-23,2021-05-04,2021-04-23,2021-05-04,151.5,157.6,13,22079.0,22686.0,6995.0,6995.0,Y,N,0.0,On Plan
WO-00065,TAR-2021-CDU,Crude Distillation Unit,Mechanical (Rotating),Replacement,Planned,N,Delta Mechanical Ltd,2021-04-10,2021-04-23,2021-04-11,2021-04-26,121.1,139.0,12,19021.0,21443.0,2632.0,2632.0,Y,N,0.0,Labor Productivity
WO-00066,TAR-2021-CDU,Crude Distillation Unit,Inspection/NDT,Replacement,Planned,N,Delta Mechanical Ltd,2021-04-07,2021-04-14,2021-04-07,2021-04-14,61.0,57.4,5,10473.0,9937.0,1399.0,1399.0,Y,N,0.0,On Plan
WO-00067,TAR-2021-CDU,Crude Distillation Unit,Instrumentation,Replacement,Planned,N,In-House Maintenance,2021-05-03,2021-05-12,2021-05-04,2021-05-13,78.7,81.4,10,10980.0,11339.0,490.0,490.0,Y,N,0.0,On Plan
WO-00068,TAR-2021-CDU,Crude Distillation Unit,Valves,Repair,Planned,N,In-House Maintenance,2021-04-21,2021-04-28,2021-04-21,2021-04-28,142.2,150.5,13,20749.0,21708.0,4313.0,4313.0,Y,N,0.0,Labor Productivity
WO-00069,TAR-2021-CDU,Crude Distillation Unit,Scaffolding,Repair,Planned,N,Sterling TAR Contractors,2021-04-26,2021-04-27,2021-04-26,2021-04-28,13.7,21.3,2,1655.0,2311.0,645.0,741.0,N,N,0.0,Material Delay
WO-00070,TAR-2021-CDU,Crude Distillation Unit,Valves,Inspection,Planned,N,In-House Maintenance,2021-04-09,2021-04-13,2021-04-09,2021-04-13,55.0,57.6,11,8707.0,8982.0,2883.0,2883.0,Y,N,0.0,On Plan
WO-00071,TAR-2021-CDU,Crude Distillation Unit,Catalyst Handling,Replacement,Planned,N,Sterling TAR Contractors,2021-04-13,2021-04-16,2021-04-13,2021-04-19,46.6,99.9,13,7436.0,13633.0,2192.0,2392.0,N,Y,0.0,Material Delay
WO-00072,TAR-2021-CDU,Crude Distillation Unit,Valves,Repair,Emergent,N,In-House Maintenance,2021-05-01,2021-05-04,2021-05-02,2021-05-08,62.5,120.3,3,10357.0,17204.0,2954.0,2954.0,Y,N,0.0,Scope Growth / Discovery
WO-00073,TAR-2021-CDU,Crude Distillation Unit,Electrical,Overhaul,Planned,N,Sterling TAR Contractors,2021-04-30,2021-05-23,2021-05-01,2021-05-24,192.1,137.1,5,34117.0,27187.0,9913.0,9913.0,Y,N,0.0,On Plan
WO-00074,TAR-2021-CDU,Crude Distillation Unit,Mechanical (Static/Vessels),Repair,Emergent,N,In-House Maintenance,2021-05-02,2021-05-10,2021-05-03,2021-05-15,121.9,176.8,12,19793.0,26225.0,5513.0,5513.0,Y,N,0.0,Scope Growth / Discovery
WO-00075,TAR-2021-CDU,Crude Distillation Unit,Civil,Repair,Planned,Y,Delta Mechanical Ltd,2021-05-03,2021-05-24,2021-05-04,2021-05-29,219.3260719187855,263.9,3,21446.0,25169.0,3131.0,3131.0,Y,N,0.0,Inspection Hold
WO-00076,TAR-2021-CDU,Crude Distillation Unit,Valves,Overhaul,Planned,N,Sterling TAR Contractors,2021-04-19,2021-04-23,2021-04-20,2021-04-25,34.0,45.1,11,5479.0,6713.0,1698.0,1698.0,Y,N,0.0,Labor Productivity
WO-00077,TAR-2021-CDU,Crude Distillation Unit,Inspection/NDT,Overhaul,Discovery,N,Delta Mechanical Ltd,2021-04-22,2021-05-01,2021-04-23,2021-05-09,86.8,157.2,6,14584.0,25247.0,1437.0,1437.0,Y,N,0.0,Scope Growth / Discovery
WO-00078,TAR-2021-CDU,Crude Distillation Unit,Inspection/NDT,Repair,Discovery,N,In-House Maintenance,2021-04-10,2021-05-17,2021-04-11,2021-06-13,353.3,603.2,8,58214.0,95625.0,6853.0,7935.0,N,N,0.0,Scope Growth / Discovery
WO-00079,TAR-2021-CDU,Crude Distillation Unit,Instrumentation,Cleaning,Planned,N,Apex Turnaround Services,2021-04-10,2021-04-24,2021-04-10,2021-04-24,134.1,125.7,2,21132.0,19988.0,2867.0,2867.0,Y,N,0.0,On Plan
WO-00080,TAR-2021-CDU,Crude Distillation Unit,Piping,Cleaning,Planned,N,Delta Mechanical Ltd,2021-04-28,2021-05-02,2021-04-28,2021-05-05,49.4,89.6,8,5920.0,9880.0,1452.0,1776.0,N,N,0.0,Material Delay
WO-00081,TAR-2021-CDU,Crude Distillation Unit,Valves,Cleaning,Discovery,Y,Northgate Industrial,2021-04-11,2021-04-16,2021-04-11,2021-04-18,44.909423738365184,58.8,9,5526.0,7037.0,643.0,643.0,Y,N,0.0,Scope Growth / Discovery
WO-00082,TAR-2021-CDU,Crude Distillation Unit,Piping,Inspection,Discovery,N,Sterling TAR Contractors,2021-05-03,2021-05-11,2021-05-04,2021-05-20,139.8,274.5,6,15936.0,29639.0,2572.0,3399.0,N,N,0.0,Scope Growth / Discovery
WO-00083,TAR-2021-CDU,Crude Distillation Unit,Scaffolding,Overhaul,Planned,Y,Delta Mechanical Ltd,2021-04-30,2021-05-08,2021-05-01,2021-05-11,129.29314003565676,156.9,10,12893.0,14832.0,3813.0,3813.0,Y,N,0.0,Inspection Hold
WO-00084,TAR-2021-CDU,Crude Distillation Unit,Catalyst Handling,Repair,Planned,N,Apex Turnaround Services,2021-04-12,2021-04-15,2021-04-12,2021-04-15,38.6,42.6,5,6079.0,6527.0,1750.0,1750.0,Y,N,0.0,Permit / Isolation Wait
WO-00085,TAR-2021-CDU,Crude Distillation Unit,Mechanical (Rotating),Cleaning,Emergent,N,Sterling TAR Contractors,2021-04-21,2021-04-28,2021-04-21,2021-05-03,102.2,179.7,8,18644.0,29022.0,4957.0,4957.0,Y,N,0.0,Scope Growth / Discovery
WO-00086,TAR-2021-CDU,Crude Distillation Unit,Mechanical (Rotating),Cleaning,Discovery,N,Northgate Industrial,2021-04-20,2021-05-05,2021-04-21,2021-05-14,161.0,247.5,10,29745.0,44523.0,7174.0,9826.0,N,N,0.0,Scope Growth / Discovery
WO-00087,TAR-2021-CDU,Crude Distillation Unit,Instrumentation,Overhaul,Planned,N,Apex Turnaround Services,2021-04-28,2021-05-09,2021-04-29,2021-05-11,137.9,156.1,13,21818.0,24335.0,2747.0,2747.0,Y,N,0.0,Permit / Isolation Wait
WO-00088,TAR-2021-CDU,Crude Distillation Unit,Insulation,Replacement,Planned,N,Apex Turnaround Services,2021-04-30,2021-05-05,2021-04-30,2021-05-05,105.1,105.7,12,8383.0,8427.0,790.0,790.0,Y,N,0.0,On Plan
WO-00089,TAR-2021-CDU,Crude Distillation Unit,Instrumentation,Cleaning,Planned,N,In-House Maintenance,2021-05-03,2021-05-10,2021-05-03,2021-05-10,92.3,80.8,7,15518.0,13953.0,2958.0,2958.0,Y,N,0.0,On Plan
WO-00090,TAR-2021-CDU,Crude Distillation Unit,Inspection/NDT,Repair,Planned,N,Sterling TAR Contractors,2021-04-05,2021-04-12,2021-04-05,2021-04-14,127.6,169.8,10,25314.0,31915.0,6954.0,7482.0,N,N,0.0,Material Delay
WO-00091,TAR-2021-CDU,Crude Distillation Unit,Electrical,Replacement,Planned,N,Delta Mechanical Ltd,2021-04-12,2021-04-16,2021-04-13,2021-04-17,70.1,70.2,12,10839.0,10852.0,1555.0,1555.0,Y,N,0.0,On Plan
WO-00092,TAR-2021-CDU,Crude Distillation Unit,Mechanical (Rotating),Replacement,Discovery,N,Northgate Industrial,2021-04-06,2021-04-12,2021-04-06,2021-04-15,52.8,79.8,13,8186.0,12218.0,508.0,613.0,N,N,0.0,Scope Growth / Discovery
WO-00093,TAR-2021-CDU,Crude Distillation Unit,Piping,Cleaning,Discovery,N,Apex Turnaround Services,2021-04-27,2021-05-01,2021-04-28,2021-05-03,59.4,76.8,13,8753.0,11104.0,3039.0,3716.0,N,N,0.0,Scope Growth / Discovery
WO-00094,TAR-2021-CDU,Crude Distillation Unit,Piping,Inspection,Planned,N,In-House Maintenance,2021-04-14,2021-04-20,2021-04-14,2021-04-20,98.7,99.5,3,13000.0,13076.0,3695.0,3695.0,Y,N,0.0,On Plan
WO-00095,TAR-2021-CDU,Crude Distillation Unit,Insulation,Cleaning,Planned,N,Apex Turnaround Services,2021-05-04,2021-05-06,2021-05-04,2021-05-06,20.8,17.1,8,2578.0,2311.0,1076.0,1076.0,Y,N,0.0,On Plan
WO-00096,TAR-2021-CDU,Crude Distillation Unit,Scaffolding,Overhaul,Planned,N,Apex Turnaround Services,2021-04-14,2021-04-21,2021-04-14,2021-04-23,69.5,85.1,4,6649.0,7792.0,1553.0,1553.0,Y,N,0.0,Permit / Isolation Wait
WO-00097,TAR-2021-CDU,Crude Distillation Unit,Scaffolding,Replacement,Planned,N,In-House Maintenance,2021-04-23,2021-04-28,2021-04-24,2021-04-30,62.2,71.1,7,5464.0,6124.0,847.0,847.0,Y,N,0.0,Permit / Isolation Wait
WO-00098,TAR-2021-CDU,Crude Distillation Unit,Mechanical (Rotating),Inspection,Discovery,N,In-House Maintenance,2021-04-08,2021-04-16,2021-04-08,2021-04-23,131.0,243.3,6,20508.0,36326.0,2227.0,2374.0,N,N,0.0,Scope Growth / Discovery
WO-00099,TAR-2021-CDU,Crude Distillation Unit,Piping,Cleaning,Planned,N,In-House Maintenance,2021-04-22,2021-04-25,2021-04-23,2021-04-26,27.3,30.7,9,3790.0,4105.0,1267.0,1267.0,Y,N,0.0,Labor Productivity
WO-00100,TAR-2021-CDU,Crude Distillation Unit,Mechanical (Rotating),Inspection,Emergent,N,Sterling TAR Contractors,2021-04-23,2021-05-03,2021-04-24,2021-05-08,90.3,125.9,10,16077.0,20912.0,3815.0,3815.0,Y,N,0.0,Scope Growth / Discovery
WO-00101,TAR-2021-CDU,Crude Distillation Unit,Scaffolding,Overhaul,Planned,N,Delta Mechanical Ltd,2021-04-12,2021-04-15,2021-04-12,2021-04-16,40.0,55.3,13,4707.0,5777.0,1909.0,1909.0,Y,N,0.0,Inspection Hold
WO-00102,TAR-2021-CDU,Crude Distillation Unit,Mechanical (Static/Vessels),Inspection,Discovery,N,Delta Mechanical Ltd,2021-04-12,2021-04-17,2021-04-13,2021-04-20,48.1,64.8,6,8353.0,10373.0,2535.0,2535.0,Y,N,0.0,Scope Growth / Discovery
WO-00103,TAR-2021-CDU,Crude Distillation Unit,Valves,Replacement,Planned,N,Sterling TAR Contractors,2021-04-17,2021-04-27,2021-04-17,2021-04-29,114.4,136.3,6,14316.0,16809.0,1296.0,1296.0,Y,N,0.0,Labor Productivity
WO-00104,TAR-2021-CDU,Crude Distillation Unit,Piping,Replacement,Discovery,N,Delta Mechanical Ltd,2021-04-05,2021-04-08,2021-04-05,2021-04-10,47.0,82.3,13,6503.0,9813.0,2096.0,2096.0,Y,N,0.0,Scope Growth / Discovery
WO-00105,TAR-2021-CDU,Crude Distillation Unit,Catalyst Handling,Inspection,Planned,N,Sterling TAR Contractors,2021-05-03,2021-05-06,2021-05-04,2021-05-08,30.5,40.5,8,3357.0,4372.0,260.0,260.0,Y,N,0.0,Inspection Hold
WO-00106,TAR-2021-CDU,Crude Distillation Unit,Mechanical (Rotating),Overhaul,Planned,N,Northgate Industrial,2021-04-10,2021-04-17,2021-04-10,2021-04-17,89.2,90.9,8,14019.0,14251.0,1853.0,1853.0,Y,N,0.0,On Plan
WO-00107,TAR-2021-CDU,Crude Distillation Unit,Instrumentation,Repair,Planned,N,Apex Turnaround Services,2021-04-21,2021-05-05,2021-04-21,2021-05-08,155.4,188.2,10,23993.0,28066.0,4699.0,4699.0,Y,N,0.0,Labor Productivity
WO-00108,TAR-2021-CDU,Crude Distillation Unit,Mechanical (Rotating),Replacement,Discovery,N,Northgate Industrial,2021-04-05,2021-04-10,2021-04-06,2021-04-12,53.4,61.3,2,7745.0,8882.0,604.0,685.0,N,N,0.0,Scope Growth / Discovery
WO-00109,TAR-2021-CDU,Crude Distillation Unit,Mechanical (Static/Vessels),Repair,Planned,N,Delta Mechanical Ltd,2021-04-27,2021-04-29,2021-04-27,2021-04-30,42.9,56.0,12,6985.0,8543.0,1884.0,1884.0,Y,N,0.0,Labor Productivity
WO-00110,TAR-2021-CDU,Crude Distillation Unit,Piping,Overhaul,Discovery,N,Northgate Industrial,2021-05-04,2021-05-07,2021-05-04,2021-05-08,23.0,33.9,9,2553.0,3549.0,449.0,449.0,Y,N,0.0,Scope Growth / Discovery
WO-00111,TAR-2021-CDU,Crude Distillation Unit,Mechanical (Static/Vessels),Overhaul,Planned,N,Delta Mechanical Ltd,2021-04-19,2021-04-27,2021-04-20,2021-04-30,87.8,111.9,10,13089.0,16049.0,2305.0,2305.0,Y,N,0.0,Permit / Isolation Wait
WO-00112,TAR-2021-CDU,Crude Distillation Unit,Electrical,Inspection,Emergent,N,Sterling TAR Contractors,2021-04-06,2021-04-12,2021-04-06,2021-04-21,97.0,247.0,3,14642.0,33043.0,3017.0,3441.0,N,N,0.0,Scope Growth / Discovery
WO-00113,TAR-2021-CDU,Crude Distillation Unit,Insulation,Replacement,Discovery,N,Apex Turnaround Services,2021-04-14,2021-04-24,2021-04-14,2021-05-01,130.9,228.7,10,16395.0,24615.0,6863.0,7962.0,N,N,0.0,Scope Growth / Discovery
WO-00114,TAR-2021-CDU,Crude Distillation Unit,Mechanical (Static/Vessels),Cleaning,Discovery,N,Delta Mechanical Ltd,2021-05-01,2021-05-11,2021-05-02,2021-05-17,116.2,178.3,2,17671.0,25107.0,3756.0,3756.0,Y,N,0.0,Scope Growth / Discovery
WO-00115,TAR-2021-CDU,Crude Distillation Unit,Piping,Repair,Planned,N,In-House Maintenance,2021-04-15,2021-04-21,2021-04-15,2021-04-21,82.3,83.9,13,12046.0,12209.0,3694.0,3694.0,Y,N,0.0,On Plan
WO-00116,TAR-2021-CDU,Crude Distillation Unit,Catalyst Handling,Replacement,Planned,Y,Northgate Industrial,2021-04-30,2021-05-07,2021-05-01,2021-05-08,133.6624354984763,135.7,9,16566.0,16784.0,2218.0,2218.0,Y,N,0.0,On Plan
WO-00117,TAR-2021-CDU,Crude Distillation Unit,Piping,Inspection,Planned,N,Northgate Industrial,2021-04-07,2021-04-12,2021-04-08,2021-04-13,39.2,40.1,12,3994.0,4078.0,311.0,311.0,Y,N,0.0,On Plan
WO-00118,TAR-2021-CDU,Crude Distillation Unit,Instrumentation,Repair,Emergent,N,In-House Maintenance,2021-04-16,2021-04-17,2021-04-17,2021-04-19,15.4,34.9,13,2201.0,4775.0,224.0,295.0,N,N,0.0,Scope Growth / Discovery
WO-00119,TAR-2021-CDU,Crude Distillation Unit,Mechanical (Rotating),Repair,Planned,N,Northgate Industrial,2021-04-11,2021-04-12,2021-04-12,2021-04-13,9.5,8.1,8,1716.0,1518.0,378.0,378.0,Y,N,0.0,On Plan
WO-00120,TAR-2021-CDU,Crude Distillation Unit,Mechanical (Rotating),Cleaning,Planned,Y,Delta Mechanical Ltd,2021-04-12,2021-04-19,2021-04-13,2021-04-24,97.0399508693109,150.9,13,17218.0,25162.0,2907.0,2907.0,Y,Y,0.0,Rework / Quality
WO-00121,TAR-2021-CDU,Crude Distillation Unit,Mechanical (Static/Vessels),Overhaul,Discovery,Y,Apex Turnaround Services,2021-04-18,2021-04-28,2021-04-19,2021-05-08,182.1336719290406,349.5,3,29707.0,51690.0,6466.0,7092.0,N,N,0.0,Scope Growth / Discovery
WO-00122,TAR-2021-CDU,Crude Distillation Unit,Mechanical (Static/Vessels),Cleaning,Planned,Y,Apex Turnaround Services,2021-04-16,2021-05-28,2021-04-17,2021-06-09,639.4764507845142,811.3,4,82511.0,102606.0,7720.0,7720.0,Y,N,0.0,Permit / Isolation Wait
WO-00123,TAR-2021-CDU,Crude Distillation Unit,Electrical,Repair,Discovery,N,Northgate Industrial,2021-04-08,2021-04-17,2021-04-09,2021-04-28,90.5,191.1,11,15520.0,28012.0,4674.0,5110.0,N,N,0.0,Scope Growth / Discovery
WO-00124,TAR-2021-CDU,Crude Distillation Unit,Mechanical (Rotating),Replacement,Emergent,N,In-House Maintenance,2021-04-16,2021-04-24,2021-04-17,2021-05-02,83.9,159.1,2,15438.0,26038.0,3612.0,3612.0,Y,N,0.0,Scope Growth / Discovery
WO-00125,TAR-2021-CDU,Crude Distillation Unit,Valves,Inspection,Planned,N,Apex Turnaround Services,2021-04-23,2021-04-28,2021-04-24,2021-04-29,71.6,72.8,12,8974.0,9101.0,1388.0,1388.0,Y,N,0.0,On Plan
WO-00126,TAR-2021-CDU,Crude Distillation Unit,Instrumentation,Cleaning,Planned,N,In-House Maintenance,2021-04-10,2021-04-24,2021-04-11,2021-04-28,177.1,219.6,13,24327.0,29612.0,2304.0,2304.0,Y,N,0.0,Permit / Isolation Wait
WO-00127,TAR-2021-CDU,Crude Distillation Unit,Valves,Cleaning,Planned,Y,Apex Turnaround Services,2021-04-25,2021-05-12,2021-04-25,2021-05-12,143.56598061887283,139.4,9,22063.0,21615.0,6626.0,6626.0,Y,N,0.0,On Plan
WO-00128,TAR-2021-CDU,Crude Distillation Unit,Civil,Inspection,Discovery,N,Northgate Industrial,2021-04-11,2021-04-22,2021-04-11,2021-04-25,119.0,150.3,3,13238.0,15690.0,3913.0,3913.0,Y,N,0.0,Scope Growth / Discovery
WO-00129,TAR-2021-CDU,Crude Distillation Unit,Valves,Inspection,Planned,N,Apex Turnaround Services,2021-04-14,2021-04-21,2021-04-14,2021-04-23,102.5,135.2,5,14367.0,18149.0,2510.0,2510.0,Y,N,15.4,Safety Stand-down
WO-00130,TAR-2021-CDU,Crude Distillation Unit,Piping,Replacement,Planned,N,Delta Mechanical Ltd,2021-04-12,2021-04-18,2021-04-12,2021-04-20,81.3,111.7,12,8621.0,11625.0,588.0,588.0,Y,N,0.0,Permit / Isolation Wait
WO-00131,TAR-2021-CDU,Crude Distillation Unit,Inspection/NDT,Repair,Planned,N,In-House Maintenance,2021-04-21,2021-04-30,2021-04-22,2021-05-01,153.5,154.6,12,29090.0,29258.0,5584.0,5584.0,Y,N,0.0,On Plan
WO-00132,TAR-2021-CDU,Crude Distillation Unit,Mechanical (Rotating),Inspection,Emergent,Y,Apex Turnaround Services,2021-04-19,2021-04-30,2021-04-19,2021-05-05,144.7879109938899,209.2,13,27383.0,36296.0,7348.0,7348.0,Y,N,0.0,Scope Growth / Discovery
WO-00133,TAR-2021-CDU,Crude Distillation Unit,Civil,Repair,Planned,N,Sterling TAR Contractors,2021-04-09,2021-04-17,2021-04-09,2021-04-18,78.9,85.2,6,8153.0,8682.0,1522.0,1522.0,Y,N,0.0,Inspection Hold
WO-00134,TAR-2021-CDU,Crude Distillation Unit,Scaffolding,Overhaul,Emergent,N,Sterling TAR Contractors,2021-04-07,2021-04-27,2021-04-07,2021-05-14,264.5,483.1,7,27445.0,43235.0,8339.0,8339.0,Y,N,0.0,Scope Growth / Discovery
WO-00135,TAR-2021-CDU,Crude Distillation Unit,Mechanical (Static/Vessels),Cleaning,Discovery,N,Northgate Industrial,2021-04-11,2021-04-18,2021-04-11,2021-04-26,103.3,221.6,8,15888.0,31838.0,2912.0,4002.0,N,N,0.0,Scope Growth / Discovery
WO-00136,TAR-2021-CDU,Crude Distillation Unit,Mechanical (Static/Vessels),Repair,Discovery,N,In-House Maintenance,2021-04-16,2021-04-27,2021-04-16,2021-05-01,185.9,247.2,6,28061.0,37350.0,5416.0,7237.0,N,N,0.0,Scope Growth / Discovery
WO-00137,TAR-2021-CDU,Crude Distillation Unit,Electrical,Repair,Discovery,N,In-House Maintenance,2021-05-03,2021-05-16,2021-05-04,2021-05-22,210.0,287.8,10,29326.0,39900.0,1591.0,1890.0,N,N,0.0,Scope Growth / Discovery
WO-00138,TAR-2021-CDU,Crude Distillation Unit,Piping,Repair,Discovery,N,Delta Mechanical Ltd,2021-04-30,2021-05-05,2021-05-01,2021-05-08,73.0,108.2,8,7963.0,11570.0,481.0,481.0,Y,N,0.0,Scope Growth / Discovery
WO-00139,TAR-2021-CDU,Crude Distillation Unit,Electrical,Cleaning,Planned,N,Delta Mechanical Ltd,2021-04-20,2021-04-24,2021-04-20,2021-04-25,60.6,76.3,8,8552.0,10534.0,903.0,903.0,Y,N,0.0,Labor Productivity
WO-00140,TAR-2021-CDU,Crude Distillation Unit,Mechanical (Rotating),Repair,Discovery,N,Apex Turnaround Services,2021-04-20,2021-04-23,2021-04-21,2021-04-26,50.2,78.0,8,9845.0,13946.0,2440.0,2440.0,Y,N,0.0,Scope Growth / Discovery
WO-00141,TAR-2021-CDU,Crude Distillation Unit,Inspection/NDT,Repair,Emergent,Y,Delta Mechanical Ltd,2021-04-06,2021-04-29,2021-04-07,2021-05-24,257.51136129675285,528.8,3,47983.0,90073.0,8031.0,8031.0,Y,N,0.0,Scope Growth / Discovery
WO-00142,TAR-2021-CDU,Crude Distillation Unit,Mechanical (Rotating),Inspection,Planned,N,Apex Turnaround Services,2021-04-20,2021-04-28,2021-04-21,2021-04-29,92.4,94.8,8,16892.0,17248.0,3179.0,3179.0,Y,N,0.0,On Plan
WO-00143,TAR-2021-CDU,Crude Distillation Unit,Electrical,Inspection,Emergent,N,Northgate Industrial,2021-05-01,2021-05-12,2021-05-02,2021-05-23,128.2,249.7,9,19562.0,34046.0,4279.0,4279.0,Y,N,0.0,Scope Growth / Discovery
WO-00144,TAR-2021-CDU,Crude Distillation Unit,Piping,Inspection,Emergent,N,Northgate Industrial,2021-04-19,2021-04-23,2021-04-19,2021-04-29,50.1,121.5,9,6825.0,14394.0,1880.0,2402.0,N,N,0.0,Scope Growth / Discovery
WO-00145,TAR-2021-CDU,Crude Distillation Unit,Electrical,Repair,Planned,N,In-House Maintenance,2021-04-18,2021-04-22,2021-04-19,2021-04-23,51.3,57.5,4,9394.0,10206.0,2670.0,2670.0,Y,N,0.0,Permit / Isolation Wait
WO-00146,TAR-2021-CDU,Crude Distillation Unit,Piping,Repair,Planned,N,Northgate Industrial,2021-04-23,2021-04-28,2021-04-23,2021-04-28,51.9,51.6,5,5457.0,5429.0,613.0,613.0,Y,N,0.0,On Plan
WO-00147,TAR-2021-CDU,Crude Distillation Unit,Piping,Inspection,Planned,Y,In-House Maintenance,2021-04-16,2021-05-04,2021-04-17,2021-05-10,187.04754874489296,242.3,12,28457.0,34683.0,10166.0,10989.0,N,N,0.0,Material Delay
WO-00148,TAR-2021-CDU,Crude Distillation Unit,Piping,Inspection,Planned,N,Northgate Industrial,2021-04-26,2021-05-15,2021-04-27,2021-05-17,188.2,195.6,4,23887.0,24617.0,5337.0,5337.0,Y,N,0.0,On Plan
WO-00149,TAR-2021-CDU,Crude Distillation Unit,Scaffolding,Inspection,Planned,N,Northgate Industrial,2021-04-26,2021-05-02,2021-04-27,2021-05-03,89.0,87.4,11,9077.0,8967.0,2990.0,2990.0,Y,N,0.0,On Plan
WO-00150,TAR-2021-CDU,Crude Distillation Unit,Piping,Inspection,Planned,N,Delta Mechanical Ltd,2021-04-28,2021-04-30,2021-04-28,2021-04-30,16.9,17.2,12,2302.0,2330.0,745.0,745.0,Y,N,0.0,On Plan
WO-00151,TAR-2021-CDU,Crude Distillation Unit,Valves,Repair,Planned,N,Delta Mechanical Ltd,2021-04-19,2021-04-22,2021-04-19,2021-04-22,52.1,58.8,3,6653.0,7408.0,781.0,781.0,Y,N,0.0,Labor Productivity
WO-00152,TAR-2021-CDU,Crude Distillation Unit,Insulation,Cleaning,Planned,N,In-House Maintenance,2021-04-11,2021-04-28,2021-04-12,2021-04-30,305.4,320.6,13,25443.0,26498.0,4232.0,4232.0,Y,N,0.0,On Plan
WO-00153,TAR-2021-CDU,Crude Distillation Unit,Piping,Repair,Planned,N,Sterling TAR Contractors,2021-04-27,2021-05-04,2021-04-28,2021-05-05,65.5,68.1,11,7137.0,7390.0,748.0,748.0,Y,N,0.0,On Plan
WO-00154,TAR-2021-CDU,Crude Distillation Unit,Mechanical (Static/Vessels),Repair,Discovery,N,Delta Mechanical Ltd,2021-04-30,2021-05-09,2021-05-01,2021-05-12,135.4,167.1,9,18317.0,22001.0,2583.0,2583.0,Y,N,0.0,Scope Growth / Discovery
WO-00155,TAR-2021-CDU,Crude Distillation Unit,Electrical,Repair,Planned,N,Apex Turnaround Services,2021-05-02,2021-05-18,2021-05-02,2021-05-18,218.5,221.1,9,40362.0,40703.0,11754.0,11754.0,Y,N,0.0,On Plan
WO-00156,TAR-2021-CDU,Crude Distillation Unit,Insulation,Replacement,Planned,N,Delta Mechanical Ltd,2021-04-07,2021-04-15,2021-04-07,2021-04-15,97.7,99.7,9,9450.0,9595.0,2376.0,2376.0,Y,N,0.0,On Plan
WO-00157,TAR-2021-CDU,Crude Distillation Unit,Instrumentation,Overhaul,Planned,Y,In-House Maintenance,2021-04-11,2021-04-29,2021-04-12,2021-04-30,211.7355860085098,176.4,4,38109.0,33278.0,9165.0,9165.0,Y,N,0.0,On Plan
WO-00158,TAR-2021-CDU,Crude Distillation Unit,Piping,Overhaul,Planned,N,Apex Turnaround Services,2021-04-26,2021-04-27,2021-04-27,2021-04-28,19.5,18.2,2,2841.0,2720.0,1034.0,1034.0,Y,N,0.0,On Plan
WO-00159,TAR-2021-CDU,Crude Distillation Unit,Piping,Overhaul,Planned,N,Northgate Industrial,2021-04-25,2021-05-02,2021-04-26,2021-05-03,89.8,91.2,7,10285.0,10414.0,2001.0,2001.0,Y,N,0.0,On Plan
WO-00160,TAR-2021-CDU,Crude Distillation Unit,Mechanical (Static/Vessels),Replacement,Planned,N,Apex Turnaround Services,2021-04-05,2021-04-09,2021-04-05,2021-04-09,36.7,38.4,7,5526.0,5740.0,897.0,897.0,Y,N,0.0,On Plan
WO-00161,TAR-2021-CDU,Crude Distillation Unit,Mechanical (Rotating),Cleaning,Discovery,N,Sterling TAR Contractors,2021-04-14,2021-04-21,2021-04-14,2021-04-23,139.7,176.1,13,23884.0,29332.0,2975.0,2975.0,Y,N,0.0,Scope Growth / Discovery
WO-00162,TAR-2021-CDU,Crude Distillation Unit,Mechanical (Static/Vessels),Inspection,Discovery,N,In-House Maintenance,2021-04-27,2021-04-30,2021-04-27,2021-05-01,47.0,66.9,11,6811.0,9629.0,1450.0,1998.0,N,N,0.0,Scope Growth / Discovery
WO-00163,TAR-2021-CDU,Crude Distillation Unit,Mechanical (Rotating),Overhaul,Planned,N,In-House Maintenance,2021-04-21,2021-04-26,2021-04-22,2021-04-28,99.6,115.0,11,18672.0,20763.0,5145.0,5145.0,Y,N,0.0,Permit / Isolation Wait
WO-00164,TAR-2021-CDU,Crude Distillation Unit,Inspection/NDT,Inspection,Emergent,N,Sterling TAR Contractors,2021-04-15,2021-04-18,2021-04-15,2021-04-24,52.6,153.5,3,10185.0,25864.0,2408.0,3169.0,N,N,5.9,Scope Growth / Discovery
WO-00165,TAR-2021-CDU,Crude Distillation Unit,Electrical,Repair,Planned,N,Apex Turnaround Services,2021-04-21,2021-04-23,2021-04-22,2021-04-25,47.3,71.4,5,8230.0,11218.0,2366.0,2366.0,Y,N,0.0,Inspection Hold
WO-00166,TAR-2021-CDU,Crude Distillation Unit,Mechanical (Rotating),Overhaul,Planned,N,Apex Turnaround Services,2021-04-09,2021-04-25,2021-04-10,2021-04-28,140.3,160.3,2,20157.0,22832.0,1387.0,1387.0,Y,Y,0.0,Rework / Quality
WO-00167,TAR-2021-CDU,Crude Distillation Unit,Piping,Cleaning,Planned,N,Delta Mechanical Ltd,2021-04-24,2021-04-28,2021-04-25,2021-04-30,35.6,43.4,2,3752.0,4487.0,397.0,397.0,Y,N,0.0,Inspection Hold
WO-00168,TAR-2021-CDU,Crude Distillation Unit,Mechanical (Rotating),Replacement,Planned,N,Apex Turnaround Services,2021-04-19,2021-05-05,2021-04-19,2021-05-05,133.3,128.1,13,22865.0,22126.0,3930.0,3930.0,Y,N,0.0,On Plan
WO-00169,TAR-2021-CDU,Crude Distillation Unit,Piping,Inspection,Planned,N,In-House Maintenance,2021-04-28,2021-05-02,2021-04-28,2021-05-03,29.5,38.8,13,3255.0,4205.0,324.0,350.0,N,N,0.0,Material Delay
WO-00170,TAR-2021-CDU,Crude Distillation Unit,Instrumentation,Cleaning,Discovery,N,Delta Mechanical Ltd,2021-04-15,2021-04-23,2021-04-16,2021-05-02,92.8,180.5,11,14844.0,26109.0,2925.0,2925.0,Y,Y,0.0,Scope Growth / Discovery
WO-00171,TAR-2021-CDU,Crude Distillation Unit,Mechanical (Static/Vessels),Cleaning,Planned,N,Delta Mechanical Ltd,2021-04-10,2021-04-25,2021-04-11,2021-05-02,173.6,246.6,4,27900.0,36769.0,6808.0,6808.0,Y,Y,0.0,Rework / Quality
WO-00172,TAR-2021-CDU,Crude Distillation Unit,Inspection/NDT,Repair,Planned,N,Apex Turnaround Services,2021-04-20,2021-04-23,2021-04-20,2021-04-24,39.6,46.6,12,7470.0,9022.0,1120.0,1550.0,N,N,0.0,Material Delay
WO-00173,TAR-2021-CDU,Crude Distillation Unit,Insulation,Replacement,Planned,N,Delta Mechanical Ltd,2021-04-25,2021-04-29,2021-04-26,2021-05-01,57.2,77.0,2,4385.0,5677.0,652.0,652.0,Y,N,0.0,Labor Productivity
WO-00174,TAR-2021-CDU,Crude Distillation Unit,Scaffolding,Cleaning,Planned,N,In-House Maintenance,2021-04-28,2021-05-06,2021-04-28,2021-05-06,67.8,71.4,12,7119.0,7366.0,2467.0,2467.0,Y,N,0.0,Labor Productivity
WO-00175,TAR-2021-CDU,Crude Distillation Unit,Scaffolding,Inspection,Planned,N,In-House Maintenance,2021-05-04,2021-05-14,2021-05-04,2021-05-14,118.8,109.5,7,11966.0,11341.0,3984.0,3984.0,Y,N,0.0,On Plan
WO-00176,TAR-2021-CDU,Crude Distillation Unit,Inspection/NDT,Inspection,Planned,N,In-House Maintenance,2021-04-24,2021-04-26,2021-04-25,2021-04-27,33.2,35.0,4,6565.0,6822.0,1811.0,1811.0,Y,N,0.0,Inspection Hold
WO-00177,TAR-2021-CDU,Crude Distillation Unit,Mechanical (Rotating),Cleaning,Discovery,N,Sterling TAR Contractors,2021-04-18,2021-04-24,2021-04-19,2021-04-28,77.4,120.3,11,13431.0,19456.0,2560.0,2560.0,Y,N,0.0,Scope Growth / Discovery
WO-00178,TAR-2021-CDU,Crude Distillation Unit,Insulation,Cleaning,Emergent,N,Apex Turnaround Services,2021-04-17,2021-04-19,2021-04-18,2021-04-26,28.2,113.0,13,3217.0,9461.0,1217.0,1445.0,N,Y,0.0,Scope Growth / Discovery
WO-00179,TAR-2021-CDU,Crude Distillation Unit,Mechanical (Rotating),Replacement,Planned,N,Delta Mechanical Ltd,2021-05-02,2021-06-12,2021-05-03,2021-07-10,584.1,965.8,12,98572.0,156592.0,19056.0,25114.0,N,N,0.0,Material Delay
WO-00180,TAR-2021-CDU,Crude Distillation Unit,Mechanical (Rotating),Inspection,Planned,N,Sterling TAR Contractors,2021-04-09,2021-04-15,2021-04-09,2021-04-16,64.7,70.5,12,11140.0,11935.0,2266.0,2266.0,Y,N,0.0,Inspection Hold
WO-00181,TAR-2021-CDU,Crude Distillation Unit,Valves,Repair,Discovery,N,In-House Maintenance,2021-04-20,2021-04-28,2021-04-21,2021-05-08,114.9,250.1,2,17723.0,34607.0,4195.0,5160.0,N,N,0.0,Scope Growth / Discovery
WO-00182,TAR-2021-CDU,Crude Distillation Unit,Mechanical (Static/Vessels),Overhaul,Emergent,N,Sterling TAR Contractors,2021-04-16,2021-04-26,2021-04-17,2021-05-05,173.6,308.6,11,23478.0,40437.0,1669.0,1669.0,Y,N,0.0,Scope Growth / Discovery
WO-00183,TAR-2021-CDU,Crude Distillation Unit,Piping,Repair,Discovery,N,Sterling TAR Contractors,2021-04-05,2021-04-29,2021-04-06,2021-06-09,258.2,685.6,7,29878.0,71260.0,5178.0,5673.0,N,Y,0.0,Scope Growth / Discovery
WO-00184,TAR-2021-CDU,Crude Distillation Unit,Mechanical (Rotating),Inspection,Planned,N,Sterling TAR Contractors,2021-04-09,2021-04-23,2021-04-09,2021-04-30,244.1,368.3,10,40012.0,58930.0,4784.0,5778.0,N,N,0.0,Material Delay
WO-00185,TAR-2021-CDU,Crude Distillation Unit,Valves,Inspection,Discovery,N,Sterling TAR Contractors,2021-04-08,2021-05-03,2021-04-09,2021-05-11,250.6,324.3,7,29054.0,37047.0,1875.0,1875.0,Y,N,0.0,Scope Growth / Discovery
WO-00186,TAR-2021-CDU,Crude Distillation Unit,Electrical,Repair,Planned,N,In-House Maintenance,2021-05-02,2021-05-16,2021-05-03,2021-05-19,263.4,303.0,4,35849.0,40588.0,4325.0,4325.0,Y,N,0.0,Labor Productivity
WO-00187,TAR-2021-CDU,Crude Distillation Unit,Mechanical (Static/Vessels),Inspection,Planned,N,Northgate Industrial,2021-04-06,2021-04-14,2021-04-07,2021-04-16,78.0,83.6,13,9902.0,10565.0,672.0,672.0,Y,N,0.0,Inspection Hold
WO-00188,TAR-2021-CDU,Crude Distillation Unit,Valves,Repair,Planned,Y,Delta Mechanical Ltd,2021-04-27,2021-05-01,2021-04-28,2021-05-03,47.142323320150375,59.0,7,6219.0,7462.0,1276.0,1276.0,Y,N,0.0,Permit / Isolation Wait
WO-00189,TAR-2021-CDU,Crude Distillation Unit,Instrumentation,Repair,Planned,N,Delta Mechanical Ltd,2021-04-22,2021-04-29,2021-04-22,2021-04-30,102.5,116.4,8,19357.0,21262.0,5309.0,5309.0,Y,N,0.0,Inspection Hold
WO-00190,TAR-2021-CDU,Crude Distillation Unit,Scaffolding,Cleaning,Planned,N,Delta Mechanical Ltd,2021-04-10,2021-04-13,2021-04-10,2021-04-14,31.7,41.2,4,3743.0,4730.0,1426.0,1718.0,N,N,0.0,Material Delay
WO-00191,TAR-2021-CDU,Crude Distillation Unit,Scaffolding,Repair,Planned,Y,In-House Maintenance,2021-04-12,2021-04-17,2021-04-12,2021-04-17,108.36443059318688,107.3,7,13058.0,12984.0,5577.0,5577.0,Y,N,0.0,On Plan
WO-00192,TAR-2021-CDU,Crude Distillation Unit,Mechanical (Rotating),Cleaning,Planned,Y,Apex Turnaround Services,2021-04-19,2021-04-25,2021-04-19,2021-04-28,115.0201835191021,173.9,13,22996.0,32126.0,6111.0,6598.0,N,N,0.0,Material Delay
WO-00193,TAR-2021-CDU,Crude Distillation Unit,Mechanical (Static/Vessels),Inspection,Planned,N,In-House Maintenance,2021-04-05,2021-04-10,2021-04-05,2021-04-10,43.6,41.3,5,6649.0,6359.0,1149.0,1149.0,Y,N,0.0,On Plan
WO-00194,TAR-2021-CDU,Crude Distillation Unit,Piping,Inspection,Planned,Y,Apex Turnaround Services,2021-04-29,2021-05-08,2021-04-30,2021-05-11,152.68434034070395,185.7,7,20354.0,23448.0,6047.0,6047.0,Y,N,0.0,Permit / Isolation Wait
WO-00195,TAR-2021-CDU,Crude Distillation Unit,Valves,Replacement,Planned,N,Northgate Industrial,2021-04-19,2021-04-22,2021-04-19,2021-04-22,58.4,47.4,5,7140.0,5883.0,465.0,465.0,Y,N,0.0,On Plan
WO-00196,TAR-2021-CDU,Crude Distillation Unit,Instrumentation,Overhaul,Planned,N,In-House Maintenance,2021-04-16,2021-04-21,2021-04-17,2021-04-22,70.9,61.8,10,10669.0,9452.0,1189.0,1189.0,Y,N,0.0,On Plan
WO-00197,TAR-2021-CDU,Crude Distillation Unit,Mechanical (Rotating),Replacement,Planned,Y,Northgate Industrial,2021-04-11,2021-05-19,2021-04-11,2021-05-19,308.2541266370018,278.9,13,54680.0,50242.0,8077.0,8077.0,Y,N,0.0,On Plan
WO-00198,TAR-2021-CDU,Crude Distillation Unit,Mechanical (Rotating),Cleaning,Planned,N,Delta Mechanical Ltd,2021-04-06,2021-04-09,2021-04-06,2021-04-10,29.0,40.3,8,5400.0,7261.0,1055.0,1223.0,N,N,0.0,Material Delay
WO-00199,TAR-2021-CDU,Crude Distillation Unit,Mechanical (Static/Vessels),Replacement,Discovery,N,In-House Maintenance,2021-04-16,2021-05-03,2021-04-17,2021-05-16,182.0,307.8,12,29277.0,46088.0,6982.0,8383.0,N,N,0.0,Scope Growth / Discovery
WO-00200,TAR-2021-CDU,Crude Distillation Unit,Piping,Replacement,Emergent,N,Apex Turnaround Services,2021-05-02,2021-05-14,2021-05-02,2021-05-23,122.1,213.3,5,13060.0,21948.0,1290.0,1387.0,N,N,0.0,Scope Growth / Discovery
WO-00201,TAR-2021-CDU,Crude Distillation Unit,Mechanical (Static/Vessels),Inspection,Discovery,N,Northgate Industrial,2021-05-03,2021-05-10,2021-05-04,2021-05-16,82.0,136.5,6,10765.0,17543.0,1013.0,1310.0,N,N,0.0,Scope Growth / Discovery
WO-00202,TAR-2021-CDU,Crude Distillation Unit,Mechanical (Rotating),Inspection,Planned,N,In-House Maintenance,2021-04-18,2021-04-20,2021-04-18,2021-04-20,32.7,35.7,4,5073.0,5508.0,336.0,336.0,Y,N,0.0,Permit / Isolation Wait
WO-00203,TAR-2021-CDU,Crude Distillation Unit,Piping,Overhaul,Planned,N,In-House Maintenance,2021-04-24,2021-05-17,2021-04-25,2021-05-18,285.3,274.1,13,31178.0,30120.0,4233.0,4233.0,Y,N,0.0,On Plan
WO-00204,TAR-2021-CDU,Crude Distillation Unit,Mechanical (Static/Vessels),Repair,Planned,N,Sterling TAR Contractors,2021-04-14,2021-04-20,2021-04-15,2021-04-22,68.7,76.0,13,9025.0,9909.0,708.0,708.0,Y,N,0.0,Permit / Isolation Wait
WO-00205,TAR-2021-CDU,Crude Distillation Unit,Piping,Overhaul,Emergent,N,In-House Maintenance,2021-04-08,2021-04-14,2021-04-09,2021-04-20,107.5,190.0,7,13467.0,21776.0,2641.0,2641.0,Y,N,0.0,Scope Growth / Discovery
WO-00206,TAR-2021-CDU,Crude Distillation Unit,Electrical,Repair,Planned,N,Northgate Industrial,2021-04-08,2021-04-11,2021-04-08,2021-04-11,61.2,63.2,7,10785.0,11032.0,3226.0,3226.0,Y,N,0.0,On Plan
WO-00207,TAR-2021-CDU,Crude Distillation Unit,Instrumentation,Inspection,Planned,N,Sterling TAR Contractors,2021-04-18,2021-04-28,2021-04-19,2021-05-01,95.0,113.2,13,15977.0,18350.0,3592.0,3592.0,Y,N,0.0,Permit / Isolation Wait
WO-00208,TAR-2021-CDU,Crude Distillation Unit,Piping,Repair,Planned,N,Delta Mechanical Ltd,2021-04-11,2021-04-17,2021-04-12,2021-04-18,99.3,106.1,6,11399.0,12031.0,2168.0,2168.0,Y,N,0.0,Inspection Hold
WO-00209,TAR-2021-CDU,Crude Distillation Unit,Insulation,Replacement,Planned,N,Northgate Industrial,2021-04-14,2021-04-26,2021-04-14,2021-04-27,184.3,198.8,6,20761.0,21762.0,8040.0,8040.0,Y,N,0.0,Labor Productivity
WO-00210,TAR-2021-CDU,Crude Distillation Unit,Piping,Cleaning,Planned,N,Sterling TAR Contractors,2021-04-09,2021-04-18,2021-04-10,2021-04-21,72.4,85.8,3,9161.0,10441.0,2245.0,2245.0,Y,N,0.0,Inspection Hold
WO-00211,TAR-2022-FCC,Fluid Catalytic Cracker,Scaffolding,Repair,Discovery,N,Delta Mechanical Ltd,2022-09-27,2022-10-01,2022-09-27,2022-10-04,54.8,93.1,2,5465.0,8164.0,1602.0,1602.0,Y,N,0.0,Scope Growth / Discovery
WO-00212,TAR-2022-FCC,Fluid Catalytic Cracker,Insulation,Replacement,Planned,N,Apex Turnaround Services,2022-09-21,2022-09-27,2022-09-21,2022-09-28,108.9,131.8,3,13681.0,15304.0,5966.0,5966.0,Y,Y,0.0,Rework / Quality
WO-00213,TAR-2022-FCC,Fluid Catalytic Cracker,Inspection/NDT,Overhaul,Emergent,N,Delta Mechanical Ltd,2022-09-15,2022-10-03,2022-09-15,2022-10-09,167.1,218.8,12,29829.0,38802.0,3294.0,4057.0,N,Y,0.0,Scope Growth / Discovery
WO-00214,TAR-2022-FCC,Fluid Catalytic Cracker,Mechanical (Static/Vessels),Inspection,Planned,N,In-House Maintenance,2022-10-03,2022-10-22,2022-10-03,2022-10-27,199.0,249.9,10,26382.0,32541.0,2301.0,2301.0,Y,N,0.0,Permit / Isolation Wait
WO-00215,TAR-2022-FCC,Fluid Catalytic Cracker,Mechanical (Rotating),Inspection,Emergent,N,Delta Mechanical Ltd,2022-10-08,2022-10-24,2022-10-08,2022-10-30,165.2,231.8,7,31421.0,41167.0,7248.0,7248.0,Y,N,0.0,Scope Growth / Discovery
WO-00216,TAR-2022-FCC,Fluid Catalytic Cracker,Scaffolding,Cleaning,Planned,N,Apex Turnaround Services,2022-09-19,2022-10-04,2022-09-19,2022-10-04,220.1,184.8,12,18272.0,15876.0,3335.0,3335.0,Y,N,0.0,On Plan
WO-00217,TAR-2022-FCC,Fluid Catalytic Cracker,Mechanical (Rotating),Repair,Planned,N,Delta Mechanical Ltd,2022-09-30,2022-10-02,2022-10-01,2022-10-03,31.8,38.2,12,6413.0,7353.0,1746.0,1746.0,Y,N,0.0,Permit / Isolation Wait
WO-00218,TAR-2022-FCC,Fluid Catalytic Cracker,Mechanical (Static/Vessels),Repair,Planned,N,Sterling TAR Contractors,2022-09-15,2022-10-07,2022-09-15,2022-10-11,189.3,221.0,2,31261.0,35367.0,6745.0,6745.0,Y,N,0.0,Labor Productivity
WO-00219,TAR-2022-FCC,Fluid Catalytic Cracker,Inspection/NDT,Replacement,Discovery,N,Apex Turnaround Services,2022-10-15,2022-10-24,2022-10-16,2022-10-25,101.8,96.2,11,18958.0,18092.0,3206.0,3206.0,Y,Y,0.0,On Plan
WO-00220,TAR-2022-FCC,Fluid Catalytic Cracker,Mechanical (Rotating),Cleaning,Planned,N,Sterling TAR Contractors,2022-09-14,2022-09-28,2022-09-14,2022-10-02,271.3,344.9,2,43608.0,54630.0,2981.0,2981.0,Y,Y,0.0,Rework / Quality
WO-00221,TAR-2022-FCC,Fluid Catalytic Cracker,Piping,Inspection,Discovery,Y,Apex Turnaround Services,2022-09-21,2022-09-28,2022-09-22,2022-10-03,128.6118763058819,206.2,8,13748.0,21777.0,1099.0,1497.0,N,N,0.0,Scope Growth / Discovery
WO-00222,TAR-2022-FCC,Fluid Catalytic Cracker,Valves,Replacement,Discovery,N,Apex Turnaround Services,2022-09-16,2022-09-22,2022-09-17,2022-09-25,99.9,134.6,4,12713.0,16632.0,1430.0,1430.0,Y,N,0.0,Scope Growth / Discovery
WO-00223,TAR-2022-FCC,Fluid Catalytic Cracker,Insulation,Repair,Planned,N,Northgate Industrial,2022-09-13,2022-09-29,2022-09-13,2022-09-29,218.3,148.6,9,23403.0,18580.0,8299.0,8299.0,Y,N,0.0,On Plan
WO-00224,TAR-2022-FCC,Fluid Catalytic Cracker,Electrical,Cleaning,Planned,N,In-House Maintenance,2022-10-15,2022-11-11,2022-10-16,2022-11-13,263.6,269.8,5,42698.0,43440.0,11172.0,11172.0,Y,N,0.0,On Plan
WO-00225,TAR-2022-FCC,Fluid Catalytic Cracker,Electrical,Repair,Planned,Y,Apex Turnaround Services,2022-10-12,2022-10-24,2022-10-13,2022-10-25,153.39987332579764,149.2,10,26684.0,26165.0,7700.0,7700.0,Y,N,0.0,On Plan
WO-00226,TAR-2022-FCC,Fluid Catalytic Cracker,Valves,Repair,Discovery,N,Delta Mechanical Ltd,2022-09-30,2022-10-03,2022-10-01,2022-10-05,44.8,67.1,9,7627.0,10226.0,2406.0,2406.0,Y,N,0.0,Scope Growth / Discovery
WO-00227,TAR-2022-FCC,Fluid Catalytic Cracker,Valves,Inspection,Planned,N,Northgate Industrial,2022-09-12,2022-09-18,2022-09-13,2022-09-21,48.2,62.2,13,7627.0,9495.0,2428.0,2786.0,N,N,0.0,Material Delay
WO-00228,TAR-2022-FCC,Fluid Catalytic Cracker,Inspection/NDT,Cleaning,Planned,N,Delta Mechanical Ltd,2022-10-11,2022-10-12,2022-10-11,2022-10-12,17.4,17.2,13,3213.0,3182.0,552.0,552.0,Y,N,0.0,On Plan
WO-00229,TAR-2022-FCC,Fluid Catalytic Cracker,Mechanical (Rotating),Repair,Planned,N,Sterling TAR Contractors,2022-09-24,2022-09-26,2022-09-25,2022-09-27,36.1,43.1,8,6479.0,7434.0,1554.0,1554.0,Y,N,0.0,Labor Productivity
WO-00230,TAR-2022-FCC,Fluid Catalytic Cracker,Scaffolding,Repair,Planned,Y,Apex Turnaround Services,2022-10-19,2022-10-24,2022-10-20,2022-10-25,78.60650906424786,77.4,9,7089.0,7001.0,1374.0,1374.0,Y,N,0.0,On Plan
WO-00231,TAR-2022-FCC,Fluid Catalytic Cracker,Inspection/NDT,Inspection,Planned,N,Apex Turnaround Services,2022-09-29,2022-10-12,2022-09-29,2022-10-14,117.9,137.8,7,22281.0,25214.0,4900.0,4900.0,Y,N,0.0,Permit / Isolation Wait
WO-00232,TAR-2022-FCC,Fluid Catalytic Cracker,Mechanical (Rotating),Cleaning,Planned,N,Northgate Industrial,2022-09-18,2022-09-24,2022-09-18,2022-09-24,68.5,66.3,12,11427.0,11704.0,2270.0,2841.0,N,N,0.0,On Plan
WO-00233,TAR-2022-FCC,Fluid Catalytic Cracker,Mechanical (Static/Vessels),Cleaning,Planned,N,Sterling TAR Contractors,2022-10-06,2022-10-21,2022-10-07,2022-10-26,284.3,367.2,4,49074.0,59179.0,14421.0,14421.0,Y,N,0.0,Labor Productivity
WO-00234,TAR-2022-FCC,Fluid Catalytic Cracker,Valves,Overhaul,Discovery,N,Delta Mechanical Ltd,2022-09-17,2022-09-21,2022-09-18,2022-09-25,43.3,76.3,2,5146.0,8887.0,486.0,676.0,N,N,0.0,Scope Growth / Discovery
WO-00235,TAR-2022-FCC,Fluid Catalytic Cracker,Piping,Inspection,Planned,N,Northgate Industrial,2022-10-05,2022-10-20,2022-10-06,2022-10-23,198.5,230.3,5,22162.0,25657.0,3769.0,4317.0,N,N,0.0,Material Delay
WO-00236,TAR-2022-FCC,Fluid Catalytic Cracker,Mechanical (Static/Vessels),Replacement,Planned,Y,Sterling TAR Contractors,2022-09-19,2022-09-26,2022-09-20,2022-09-27,125.21402045419407,115.7,7,18476.0,17345.0,3596.0,3596.0,Y,N,0.0,On Plan
WO-00237,TAR-2022-FCC,Fluid Catalytic Cracker,Mechanical (Rotating),Overhaul,Planned,N,In-House Maintenance,2022-10-08,2022-10-13,2022-10-08,2022-10-14,45.9,54.6,7,8632.0,9843.0,2243.0,2243.0,Y,N,0.0,Permit / Isolation Wait
WO-00238,TAR-2022-FCC,Fluid Catalytic Cracker,Mechanical (Rotating),Inspection,Planned,N,Apex Turnaround Services,2022-09-12,2022-09-13,2022-09-12,2022-09-13,9.5,10.8,7,1808.0,2001.0,396.0,396.0,Y,N,0.0,Permit / Isolation Wait
WO-00239,TAR-2022-FCC,Fluid Catalytic Cracker,Scaffolding,Repair,Planned,N,Northgate Industrial,2022-09-17,2022-10-04,2022-09-17,2022-10-04,200.7,198.4,11,16978.0,16816.0,2850.0,2850.0,Y,N,0.0,On Plan
WO-00240,TAR-2022-FCC,Fluid Catalytic Cracker,Mechanical (Static/Vessels),Inspection,Planned,N,Delta Mechanical Ltd,2022-09-21,2022-10-11,2022-09-22,2022-10-19,305.9,416.5,6,50370.0,63559.0,13891.0,13891.0,Y,N,0.0,Labor Productivity
WO-00241,TAR-2022-FCC,Fluid Catalytic Cracker,Piping,Overhaul,Emergent,N,Northgate Industrial,2022-10-04,2022-11-03,2022-10-05,2022-11-20,551.1,844.3,13,65259.0,91852.0,15274.0,15274.0,Y,N,0.0,Scope Growth / Discovery
WO-00242,TAR-2022-FCC,Fluid Catalytic Cracker,Mechanical (Static/Vessels),Repair,Planned,N,In-House Maintenance,2022-10-01,2022-10-03,2022-10-01,2022-10-03,39.2,38.6,8,5496.0,5423.0,759.0,759.0,Y,N,0.0,On Plan
WO-00243,TAR-2022-FCC,Fluid Catalytic Cracker,Mechanical (Static/Vessels),Inspection,Discovery,N,Apex Turnaround Services,2022-10-18,2022-10-22,2022-10-19,2022-10-24,44.4,57.5,10,7837.0,9450.0,2370.0,2370.0,Y,N,0.0,Scope Growth / Discovery
WO-00244,TAR-2022-FCC,Fluid Catalytic Cracker,Mechanical (Rotating),Inspection,Discovery,N,Northgate Industrial,2022-09-19,2022-09-26,2022-09-19,2022-10-03,98.8,203.0,8,17023.0,32930.0,2571.0,3235.0,N,N,8.5,Scope Growth / Discovery
WO-00245,TAR-2022-FCC,Fluid Catalytic Cracker,Valves,Repair,Discovery,N,Apex Turnaround Services,2022-10-11,2022-10-16,2022-10-12,2022-10-21,76.3,132.8,3,10175.0,16876.0,2006.0,2659.0,N,N,0.0,Scope Growth / Discovery
WO-00246,TAR-2022-FCC,Fluid Catalytic Cracker,Instrumentation,Cleaning,Discovery,N,Apex Turnaround Services,2022-09-27,2022-10-03,2022-09-27,2022-10-03,99.6,57.2,4,14669.0,8962.0,1264.0,1264.0,Y,N,0.0,On Plan
WO-00247,TAR-2022-FCC,Fluid Catalytic Cracker,Instrumentation,Overhaul,Discovery,N,Sterling TAR Contractors,2022-09-25,2022-10-08,2022-09-25,2022-10-17,143.9,243.4,8,22334.0,36107.0,3984.0,5069.0,N,N,0.0,Scope Growth / Discovery
WO-00248,TAR-2022-FCC,Fluid Catalytic Cracker,Inspection/NDT,Repair,Planned,N,Northgate Industrial,2022-10-06,2022-10-11,2022-10-07,2022-10-12,55.6,58.6,13,10084.0,10552.0,1407.0,1407.0,Y,N,0.0,Inspection Hold
WO-00249,TAR-2022-FCC,Fluid Catalytic Cracker,Piping,Repair,Planned,N,Apex Turnaround Services,2022-09-21,2022-09-24,2022-09-22,2022-09-25,32.6,35.9,11,3686.0,4020.0,390.0,390.0,Y,N,0.0,Inspection Hold
WO-00250,TAR-2022-FCC,Fluid Catalytic Cracker,Piping,Repair,Planned,N,In-House Maintenance,2022-09-24,2022-10-03,2022-09-25,2022-10-06,104.1,121.6,8,12771.0,14397.0,3098.0,3098.0,Y,N,0.0,Inspection Hold
WO-00251,TAR-2022-FCC,Fluid Catalytic Cracker,Inspection/NDT,Replacement,Discovery,N,Northgate Industrial,2022-10-02,2022-10-11,2022-10-02,2022-10-22,92.1,199.7,10,18042.0,36043.0,3511.0,4536.0,N,N,0.0,Scope Growth / Discovery
WO-00252,TAR-2022-FCC,Fluid Catalytic Cracker,Mechanical (Static/Vessels),Overhaul,Emergent,N,Sterling TAR Contractors,2022-10-12,2022-10-14,2022-10-12,2022-10-16,19.9,43.7,10,3003.0,5923.0,725.0,920.0,N,N,0.0,Scope Growth / Discovery
WO-00253,TAR-2022-FCC,Fluid Catalytic Cracker,Inspection/NDT,Inspection,Planned,N,Sterling TAR Contractors,2022-09-29,2022-10-02,2022-09-29,2022-10-02,51.9,55.7,5,8900.0,9510.0,574.0,574.0,Y,N,0.0,Labor Productivity
WO-00254,TAR-2022-FCC,Fluid Catalytic Cracker,Piping,Inspection,Planned,N,Northgate Industrial,2022-10-12,2022-10-27,2022-10-12,2022-10-29,156.9,173.9,9,21759.0,23430.0,6338.0,6338.0,Y,N,0.0,Labor Productivity
WO-00255,TAR-2022-FCC,Fluid Catalytic Cracker,Mechanical (Static/Vessels),Repair,Discovery,N,Delta Mechanical Ltd,2022-10-05,2022-10-09,2022-10-05,2022-10-16,76.5,216.6,2,9982.0,27277.0,555.0,584.0,N,N,0.0,Scope Growth / Discovery
WO-00256,TAR-2022-FCC,Fluid Catalytic Cracker,Valves,Inspection,Planned,N,Apex Turnaround Services,2022-10-19,2022-10-26,2022-10-20,2022-10-28,78.6,90.8,7,10231.0,11651.0,1084.0,1084.0,Y,N,0.0,Permit / Isolation Wait
WO-00257,TAR-2022-FCC,Fluid Catalytic Cracker,Valves,Replacement,Planned,N,Delta Mechanical Ltd,2022-09-26,2022-10-03,2022-09-26,2022-10-03,97.5,93.9,6,13351.0,12943.0,2293.0,2293.0,Y,N,0.0,On Plan
WO-00258,TAR-2022-FCC,Fluid Catalytic Cracker,Piping,Overhaul,Planned,N,Apex Turnaround Services,2022-10-19,2022-10-28,2022-10-19,2022-11-01,178.8,253.8,11,24991.0,32143.0,7941.0,7941.0,Y,N,0.0,Permit / Isolation Wait
WO-00259,TAR-2022-FCC,Fluid Catalytic Cracker,Piping,Repair,Discovery,N,Apex Turnaround Services,2022-10-05,2022-10-06,2022-10-05,2022-10-07,12.0,19.1,4,1348.0,2059.0,241.0,296.0,N,N,0.0,Scope Growth / Discovery
WO-00260,TAR-2022-FCC,Fluid Catalytic Cracker,Inspection/NDT,Overhaul,Discovery,N,In-House Maintenance,2022-10-11,2022-10-20,2022-10-12,2022-10-27,173.2,289.2,4,29019.0,46543.0,2854.0,2854.0,Y,N,0.0,Scope Growth / Discovery
WO-00261,TAR-2022-FCC,Fluid Catalytic Cracker,Mechanical (Static/Vessels),Overhaul,Planned,N,Apex Turnaround Services,2022-10-11,2022-10-15,2022-10-11,2022-10-16,81.4,94.8,11,14402.0,16104.0,4062.0,4062.0,Y,N,0.0,Labor Productivity
WO-00262,TAR-2022-FCC,Fluid Catalytic Cracker,Inspection/NDT,Inspection,Planned,N,Apex Turnaround Services,2022-10-01,2022-10-13,2022-10-01,2022-10-14,195.7,216.3,4,38571.0,41767.0,8208.0,8208.0,Y,N,0.0,Inspection Hold
WO-00263,TAR-2022-FCC,Fluid Catalytic Cracker,Piping,Cleaning,Discovery,N,In-House Maintenance,2022-09-12,2022-09-18,2022-09-12,2022-09-25,109.2,236.4,8,11799.0,24823.0,776.0,959.0,N,N,0.0,Scope Growth / Discovery
WO-00264,TAR-2022-FCC,Fluid Catalytic Cracker,Inspection/NDT,Overhaul,Discovery,N,In-House Maintenance,2022-09-24,2022-10-29,2022-09-25,2022-11-28,311.0,564.9,10,47097.0,83375.0,2660.0,2660.0,Y,N,0.0,Scope Growth / Discovery
WO-00265,TAR-2022-FCC,Fluid Catalytic Cracker,Piping,Overhaul,Planned,N,In-House Maintenance,2022-10-03,2022-10-15,2022-10-03,2022-10-15,114.0,98.3,2,14120.0,12610.0,3155.0,3155.0,Y,N,0.0,On Plan
WO-00266,TAR-2022-FCC,Fluid Catalytic Cracker,Mechanical (Static/Vessels),Repair,Planned,N,In-House Maintenance,2022-10-19,2022-10-24,2022-10-19,2022-10-24,71.4,72.6,2,9823.0,9966.0,1343.0,1343.0,Y,N,0.0,On Plan
WO-00267,TAR-2022-FCC,Fluid Catalytic Cracker,Mechanical (Static/Vessels),Repair,Planned,N,Delta Mechanical Ltd,2022-09-19,2022-09-30,2022-09-20,2022-10-07,97.9,152.4,5,16233.0,23443.0,4836.0,5701.0,N,N,0.0,Material Delay
WO-00268,TAR-2022-FCC,Fluid Catalytic Cracker,Scaffolding,Overhaul,Emergent,N,Delta Mechanical Ltd,2022-09-18,2022-09-20,2022-09-19,2022-09-23,32.7,69.6,12,2803.0,5430.0,516.0,562.0,N,N,0.0,Scope Growth / Discovery
WO-00269,TAR-2022-FCC,Fluid Catalytic Cracker,Inspection/NDT,Overhaul,Planned,N,Apex Turnaround Services,2022-09-25,2022-10-02,2022-09-26,2022-10-04,135.4,148.9,9,21074.0,23086.0,894.0,894.0,Y,N,0.0,Permit / Isolation Wait
WO-00270,TAR-2022-FCC,Fluid Catalytic Cracker,Mechanical (Static/Vessels),Repair,Planned,N,Apex Turnaround Services,2022-09-25,2022-10-09,2022-09-25,2022-10-11,138.0,155.9,13,18698.0,20979.0,1106.0,1106.0,Y,N,0.0,Labor Productivity
WO-00271,TAR-2022-FCC,Fluid Catalytic Cracker,Insulation,Cleaning,Planned,N,Northgate Industrial,2022-10-13,2022-10-15,2022-10-14,2022-10-16,29.1,25.9,5,3304.0,3096.0,1413.0,1413.0,Y,N,0.0,On Plan
WO-00272,TAR-2022-FCC,Fluid Catalytic Cracker,Mechanical (Rotating),Inspection,Discovery,N,In-House Maintenance,2022-09-30,2022-10-05,2022-10-01,2022-10-09,106.8,176.5,4,15740.0,25614.0,1385.0,1891.0,N,N,0.0,Scope Growth / Discovery
WO-00273,TAR-2022-FCC,Fluid Catalytic Cracker,Electrical,Inspection,Discovery,N,Delta Mechanical Ltd,2022-10-08,2022-12-24,2022-10-08,2023-03-15,787.5,1612.2,7,131350.0,235260.0,34789.0,37576.0,N,N,0.0,Scope Growth / Discovery
WO-00274,TAR-2022-FCC,Fluid Catalytic Cracker,Insulation,Repair,Planned,N,Sterling TAR Contractors,2022-10-01,2022-10-15,2022-10-01,2022-10-20,136.8,185.4,11,15216.0,18593.0,5710.0,5710.0,Y,Y,0.0,Rework / Quality
WO-00275,TAR-2022-FCC,Fluid Catalytic Cracker,Scaffolding,Repair,Planned,N,Apex Turnaround Services,2022-09-30,2022-10-03,2022-10-01,2022-10-05,47.7,66.8,13,5373.0,7492.0,1796.0,2483.0,N,N,0.0,Material Delay
WO-00276,TAR-2022-FCC,Fluid Catalytic Cracker,Inspection/NDT,Repair,Planned,N,Sterling TAR Contractors,2022-09-27,2022-10-12,2022-09-27,2022-10-18,209.7,297.6,9,37848.0,53390.0,4038.0,5408.0,N,N,0.0,Material Delay
WO-00277,TAR-2022-FCC,Fluid Catalytic Cracker,Mechanical (Rotating),Inspection,Planned,N,Delta Mechanical Ltd,2022-09-16,2022-09-28,2022-09-17,2022-10-08,117.8,204.8,8,22706.0,35559.0,5302.0,5302.0,Y,Y,0.0,Rework / Quality
WO-00278,TAR-2022-FCC,Fluid Catalytic Cracker,Mechanical (Rotating),Inspection,Planned,Y,Northgate Industrial,2022-10-05,2022-10-17,2022-10-06,2022-10-21,137.89828325971496,171.9,12,22345.0,27761.0,1795.0,2144.0,N,Y,0.0,Material Delay
WO-00279,TAR-2022-FCC,Fluid Catalytic Cracker,Mechanical (Static/Vessels),Repair,Planned,N,Northgate Industrial,2022-10-15,2022-11-03,2022-10-16,2022-11-07,283.5,320.9,7,40322.0,44684.0,7258.0,7258.0,Y,N,0.0,Permit / Isolation Wait
WO-00280,TAR-2022-FCC,Fluid Catalytic Cracker,Valves,Inspection,Planned,N,In-House Maintenance,2022-09-28,2022-10-01,2022-09-28,2022-10-01,33.9,34.3,13,4698.0,4745.0,712.0,712.0,Y,N,0.0,On Plan
WO-00281,TAR-2022-FCC,Fluid Catalytic Cracker,Scaffolding,Repair,Planned,N,Sterling TAR Contractors,2022-09-14,2022-09-16,2022-09-15,2022-09-18,32.3,51.8,11,2963.0,4357.0,653.0,653.0,Y,Y,0.0,Rework / Quality
WO-00282,TAR-2022-FCC,Fluid Catalytic Cracker,Piping,Repair,Planned,Y,Northgate Industrial,2022-09-25,2022-09-28,2022-09-26,2022-09-29,55.03385492985278,56.3,3,6598.0,6727.0,997.0,997.0,Y,N,0.0,On Plan
WO-00283,TAR-2022-FCC,Fluid Catalytic Cracker,Mechanical (Static/Vessels),Repair,Discovery,N,Sterling TAR Contractors,2022-09-14,2022-09-16,2022-09-14,2022-09-18,32.1,63.6,13,5706.0,10069.0,1688.0,2108.0,N,N,0.0,Scope Growth / Discovery
WO-00284,TAR-2022-FCC,Fluid Catalytic Cracker,Piping,Inspection,Discovery,N,Northgate Industrial,2022-10-16,2022-10-18,2022-10-17,2022-10-20,38.7,51.4,2,4886.0,6314.0,1366.0,1639.0,N,N,0.0,Scope Growth / Discovery
WO-00285,TAR-2022-FCC,Fluid Catalytic Cracker,Instrumentation,Repair,Planned,N,Delta Mechanical Ltd,2022-10-11,2022-10-27,2022-10-12,2022-11-03,143.3,196.4,5,25189.0,32292.0,6020.0,6020.0,Y,N,0.0,Permit / Isolation Wait
WO-00286,TAR-2022-FCC,Fluid Catalytic Cracker,Piping,Inspection,Planned,N,In-House Maintenance,2022-10-04,2022-10-09,2022-10-05,2022-10-10,48.4,51.3,7,5570.0,5854.0,830.0,830.0,Y,N,0.0,Inspection Hold
WO-00287,TAR-2022-FCC,Fluid Catalytic Cracker,Mechanical (Static/Vessels),Repair,Discovery,N,Northgate Industrial,2022-10-08,2022-10-17,2022-10-09,2022-10-24,131.0,224.0,8,21970.0,34769.0,6511.0,8334.0,N,Y,0.0,Scope Growth / Discovery
WO-00288,TAR-2022-FCC,Fluid Catalytic Cracker,Piping,Overhaul,Planned,N,Sterling TAR Contractors,2022-09-27,2022-10-10,2022-09-27,2022-10-12,124.2,144.0,8,18563.0,22026.0,6174.0,7662.0,N,N,3.0,Material Delay
WO-00289,TAR-2022-FCC,Fluid Catalytic Cracker,Scaffolding,Overhaul,Discovery,N,In-House Maintenance,2022-09-24,2022-09-26,2022-09-25,2022-09-29,32.2,62.4,9,3734.0,6254.0,1412.0,1755.0,N,N,0.0,Scope Growth / Discovery
WO-00290,TAR-2022-FCC,Fluid Catalytic Cracker,Mechanical (Static/Vessels),Inspection,Discovery,N,In-House Maintenance,2022-10-16,2022-10-22,2022-10-16,2022-10-26,55.3,90.3,13,9246.0,14511.0,2177.0,2968.0,N,N,0.0,Scope Growth / Discovery
WO-00291,TAR-2022-FCC,Fluid Catalytic Cracker,Inspection/NDT,Cleaning,Planned,N,In-House Maintenance,2022-10-10,2022-10-14,2022-10-10,2022-10-14,70.0,74.5,3,11757.0,12402.0,1732.0,1732.0,Y,N,0.0,Labor Productivity
WO-00292,TAR-2022-FCC,Fluid Catalytic Cracker,Inspection/NDT,Inspection,Planned,N,Delta Mechanical Ltd,2022-10-02,2022-10-20,2022-10-02,2022-10-25,192.5,251.3,2,34164.0,43547.0,3445.0,3445.0,Y,N,0.0,Inspection Hold
WO-00293,TAR-2022-FCC,Fluid Catalytic Cracker,Instrumentation,Overhaul,Planned,N,Sterling TAR Contractors,2022-09-24,2022-10-13,2022-09-24,2022-10-13,179.6,152.5,12,31825.0,28103.0,7156.0,7156.0,Y,N,0.0,On Plan
WO-00294,TAR-2022-FCC,Fluid Catalytic Cracker,Inspection/NDT,Replacement,Planned,N,Northgate Industrial,2022-10-11,2022-10-15,2022-10-11,2022-10-15,67.7,72.3,8,12754.0,13477.0,2110.0,2110.0,Y,N,0.0,Inspection Hold
WO-00295,TAR-2022-FCC,Fluid Catalytic Cracker,Valves,Inspection,Discovery,N,Northgate Industrial,2022-10-08,2022-11-04,2022-10-09,2022-11-08,307.0,343.0,5,47493.0,51662.0,11935.0,11935.0,Y,N,0.0,Scope Growth / Discovery
WO-00296,TAR-2022-FCC,Fluid Catalytic Cracker,Inspection/NDT,Repair,Planned,Y,Sterling TAR Contractors,2022-10-19,2022-10-31,2022-10-19,2022-11-02,224.86171771912896,260.4,2,42484.0,47617.0,10002.0,10002.0,Y,N,0.0,Inspection Hold
WO-00297,TAR-2022-FCC,Fluid Catalytic Cracker,Mechanical (Static/Vessels),Repair,Planned,N,Sterling TAR Contractors,2022-09-19,2022-09-28,2022-09-20,2022-09-30,142.3,164.7,5,19559.0,22362.0,1748.0,1748.0,Y,N,0.0,Labor Productivity
WO-00298,TAR-2022-FCC,Fluid Catalytic Cracker,Mechanical (Rotating),Replacement,Planned,N,In-House Maintenance,2022-10-14,2022-10-29,2022-10-14,2022-11-01,139.2,168.2,13,21087.0,25081.0,1913.0,1913.0,Y,N,0.0,Inspection Hold
WO-00299,TAR-2022-FCC,Fluid Catalytic Cracker,Inspection/NDT,Cleaning,Planned,N,Delta Mechanical Ltd,2022-10-09,2022-10-10,2022-10-10,2022-10-12,7.5,17.9,8,1312.0,2935.0,152.0,167.0,N,Y,0.0,Material Delay
WO-00300,TAR-2022-FCC,Fluid Catalytic Cracker,Mechanical (Static/Vessels),Cleaning,Planned,N,Delta Mechanical Ltd,2022-10-03,2022-10-11,2022-10-03,2022-10-11,67.0,66.0,13,11775.0,11648.0,3283.0,3283.0,Y,N,0.0,On Plan
WO-00301,TAR-2022-FCC,Fluid Catalytic Cracker,Mechanical (Static/Vessels),Replacement,Planned,N,In-House Maintenance,2022-10-07,2022-10-11,2022-10-08,2022-10-12,47.3,52.4,9,6003.0,6606.0,416.0,416.0,Y,N,0.0,Permit / Isolation Wait
WO-00302,TAR-2022-FCC,Fluid Catalytic Cracker,Piping,Repair,Planned,N,Sterling TAR Contractors,2022-09-17,2022-09-21,2022-09-17,2022-09-23,67.5,94.6,9,9253.0,11780.0,2961.0,2961.0,Y,Y,0.0,Rework / Quality
WO-00303,TAR-2022-FCC,Fluid Catalytic Cracker,Piping,Overhaul,Planned,N,Northgate Industrial,2022-10-02,2022-10-20,2022-10-02,2022-10-20,155.8,143.8,6,19075.0,17893.0,3730.0,3730.0,Y,N,0.0,On Plan
WO-00304,TAR-2022-FCC,Fluid Catalytic Cracker,Civil,Overhaul,Planned,Y,Delta Mechanical Ltd,2022-10-19,2022-10-25,2022-10-20,2022-10-30,100.82503781049485,162.1,3,10796.0,16348.0,3069.0,3926.0,N,N,0.0,Material Delay
WO-00305,TAR-2022-FCC,Fluid Catalytic Cracker,Electrical,Replacement,Discovery,Y,Sterling TAR Contractors,2022-10-13,2022-10-16,2022-10-13,2022-10-18,37.99753085467153,67.0,7,6532.0,10247.0,1948.0,2164.0,N,N,0.0,Scope Growth / Discovery
WO-00306,TAR-2022-FCC,Fluid Catalytic Cracker,Mechanical (Rotating),Overhaul,Planned,N,Apex Turnaround Services,2022-09-22,2022-10-01,2022-09-23,2022-10-05,121.9,166.0,7,18389.0,24570.0,1305.0,1305.0,Y,N,0.0,Labor Productivity
WO-00307,TAR-2022-FCC,Fluid Catalytic Cracker,Valves,Inspection,Discovery,N,Apex Turnaround Services,2022-09-12,2022-09-20,2022-09-12,2022-09-25,73.2,118.0,6,9410.0,14403.0,1251.0,1251.0,Y,N,0.0,Scope Growth / Discovery
WO-00308,TAR-2022-FCC,Fluid Catalytic Cracker,Mechanical (Rotating),Cleaning,Planned,N,Sterling TAR Contractors,2022-09-15,2022-09-23,2022-09-15,2022-09-28,68.7,113.9,3,11025.0,17719.0,1586.0,2070.0,N,Y,0.0,Material Delay
WO-00309,TAR-2022-FCC,Fluid Catalytic Cracker,Inspection/NDT,Inspection,Planned,N,Northgate Industrial,2022-09-13,2022-09-20,2022-09-13,2022-09-20,109.8,109.9,9,19098.0,19114.0,1354.0,1354.0,Y,N,0.0,On Plan
WO-00310,TAR-2022-FCC,Fluid Catalytic Cracker,Piping,Repair,Planned,N,In-House Maintenance,2022-09-24,2022-09-30,2022-09-24,2022-10-01,92.1,113.8,3,9168.0,11192.0,577.0,577.0,Y,Y,0.0,Rework / Quality
WO-00311,TAR-2022-FCC,Fluid Catalytic Cracker,Mechanical (Static/Vessels),Repair,Planned,N,Apex Turnaround Services,2022-10-11,2022-10-13,2022-10-12,2022-10-15,18.4,23.0,13,2970.0,3539.0,697.0,697.0,Y,N,0.0,Permit / Isolation Wait
WO-00312,TAR-2022-FCC,Fluid Catalytic Cracker,Instrumentation,Repair,Discovery,N,In-House Maintenance,2022-10-18,2022-10-25,2022-10-18,2022-11-02,108.6,226.3,9,18467.0,35115.0,3858.0,4672.0,N,N,0.0,Scope Growth / Discovery
WO-00313,TAR-2022-FCC,Fluid Catalytic Cracker,Piping,Repair,Planned,N,Sterling TAR Contractors,2022-10-07,2022-10-08,2022-10-08,2022-10-10,17.4,26.5,9,2053.0,2955.0,328.0,328.0,Y,Y,0.0,Rework / Quality
WO-00314,TAR-2022-FCC,Fluid Catalytic Cracker,Scaffolding,Inspection,Planned,N,Delta Mechanical Ltd,2022-10-17,2022-10-21,2022-10-17,2022-10-22,72.9,99.2,8,7148.0,9339.0,1851.0,2131.0,N,N,0.0,Material Delay
WO-00315,TAR-2022-FCC,Fluid Catalytic Cracker,Instrumentation,Repair,Planned,N,In-House Maintenance,2022-09-17,2022-09-25,2022-09-17,2022-09-26,104.3,118.9,7,16188.0,18019.0,3107.0,3107.0,Y,N,0.0,Permit / Isolation Wait
WO-00316,TAR-2022-FCC,Fluid Catalytic Cracker,Insulation,Repair,Planned,N,Delta Mechanical Ltd,2022-09-13,2022-09-15,2022-09-13,2022-09-15,38.4,47.9,6,4507.0,5901.0,1995.0,2768.0,N,N,0.0,Material Delay
WO-00317,TAR-2022-FCC,Fluid Catalytic Cracker,Scaffolding,Overhaul,Planned,N,Apex Turnaround Services,2022-09-14,2022-09-19,2022-09-14,2022-09-19,92.0,98.8,2,10828.0,11309.0,4331.0,4331.0,Y,N,0.0,Labor Productivity
WO-00318,TAR-2022-FCC,Fluid Catalytic Cracker,Mechanical (Rotating),Inspection,Planned,N,Northgate Industrial,2022-10-11,2022-10-14,2022-10-12,2022-10-15,66.7,73.7,5,12122.0,13160.0,2233.0,2233.0,Y,Y,0.0,Rework / Quality
WO-00319,TAR-2022-FCC,Fluid Catalytic Cracker,Insulation,Overhaul,Discovery,N,Apex Turnaround Services,2022-09-30,2022-10-20,2022-09-30,2022-11-06,321.6,588.1,12,26159.0,45078.0,3330.0,3330.0,Y,N,0.0,Scope Growth / Discovery
WO-00320,TAR-2022-FCC,Fluid Catalytic Cracker,Piping,Overhaul,Discovery,N,Apex Turnaround Services,2022-10-10,2022-10-18,2022-10-11,2022-10-26,99.5,189.1,2,11209.0,20475.0,1495.0,2013.0,N,N,0.0,Scope Growth / Discovery
WO-00321,TAR-2022-FCC,Fluid Catalytic Cracker,Piping,Repair,Emergent,N,Apex Turnaround Services,2022-09-29,2022-10-01,2022-09-30,2022-10-02,38.1,42.7,11,5474.0,6297.0,1586.0,1940.0,N,N,0.0,Scope Growth / Discovery
WO-00322,TAR-2022-FCC,Fluid Catalytic Cracker,Insulation,Repair,Discovery,N,Northgate Industrial,2022-09-29,2022-10-04,2022-09-30,2022-10-09,40.9,71.6,5,4071.0,6510.0,1354.0,1754.0,N,N,0.0,Scope Growth / Discovery
WO-00323,TAR-2022-FCC,Fluid Catalytic Cracker,Instrumentation,Repair,Planned,N,Sterling TAR Contractors,2022-10-15,2022-10-20,2022-10-16,2022-10-23,81.0,107.3,5,12626.0,16434.0,1286.0,1412.0,N,N,0.0,Material Delay
WO-00324,TAR-2022-FCC,Fluid Catalytic Cracker,Mechanical (Rotating),Inspection,Planned,N,Delta Mechanical Ltd,2022-09-20,2022-09-24,2022-09-20,2022-09-24,32.4,34.6,11,5657.0,5958.0,1225.0,1225.0,Y,N,0.0,Labor Productivity
WO-00325,TAR-2022-FCC,Fluid Catalytic Cracker,Piping,Repair,Emergent,N,Sterling TAR Contractors,2022-10-04,2022-10-08,2022-10-04,2022-10-11,36.2,61.0,9,3935.0,6405.0,459.0,548.0,N,N,0.0,Scope Growth / Discovery
WO-00326,TAR-2022-FCC,Fluid Catalytic Cracker,Inspection/NDT,Repair,Planned,N,Sterling TAR Contractors,2022-09-16,2022-10-09,2022-09-16,2022-10-16,257.7,336.3,13,51309.0,63557.0,11151.0,11151.0,Y,N,0.0,Labor Productivity
WO-00327,TAR-2022-FCC,Fluid Catalytic Cracker,Mechanical (Static/Vessels),Repair,Planned,N,Delta Mechanical Ltd,2022-10-11,2022-10-14,2022-10-12,2022-10-16,33.9,42.6,2,6042.0,7134.0,1788.0,1788.0,Y,N,0.0,Permit / Isolation Wait
WO-00328,TAR-2022-FCC,Fluid Catalytic Cracker,Catalyst Handling,Inspection,Planned,Y,Northgate Industrial,2022-09-22,2022-10-05,2022-09-23,2022-10-10,139.9332907436855,177.8,9,16197.0,20315.0,980.0,980.0,Y,N,0.0,Inspection Hold
WO-00329,TAR-2022-FCC,Fluid Catalytic Cracker,Scaffolding,Inspection,Planned,N,Northgate Industrial,2022-10-11,2022-10-18,2022-10-12,2022-10-19,68.5,70.7,4,7264.0,8184.0,2342.0,3104.0,N,N,15.2,On Plan
WO-00330,TAR-2022-FCC,Fluid Catalytic Cracker,Electrical,Replacement,Planned,N,Northgate Industrial,2022-09-20,2022-10-11,2022-09-20,2022-10-11,242.1,242.8,7,36390.0,36474.0,7537.0,7537.0,Y,N,0.0,On Plan
WO-00331,TAR-2022-FCC,Fluid Catalytic Cracker,Instrumentation,Inspection,Planned,N,Sterling TAR Contractors,2022-09-21,2022-10-11,2022-09-21,2022-10-16,359.3,447.3,4,62631.0,76530.0,14860.0,17059.0,N,N,0.0,Material Delay
WO-00332,TAR-2022-FCC,Fluid Catalytic Cracker,Scaffolding,Overhaul,Planned,N,In-House Maintenance,2022-10-05,2022-10-11,2022-10-06,2022-10-12,106.7,111.9,5,10917.0,11290.0,3263.0,3263.0,Y,N,0.0,On Plan
WO-00333,TAR-2022-FCC,Fluid Catalytic Cracker,Valves,Repair,Planned,N,Northgate Industrial,2022-09-18,2022-10-03,2022-09-18,2022-10-04,278.9,289.8,8,44044.0,45184.0,14885.0,14885.0,Y,N,0.0,On Plan
WO-00334,TAR-2022-FCC,Fluid Catalytic Cracker,Mechanical (Static/Vessels),Overhaul,Discovery,N,Apex Turnaround Services,2022-09-16,2022-09-19,2022-09-16,2022-09-20,25.8,36.5,5,4234.0,5471.0,1250.0,1250.0,Y,N,0.0,Scope Growth / Discovery
WO-00335,TAR-2022-FCC,Fluid Catalytic Cracker,Instrumentation,Inspection,Planned,N,In-House Maintenance,2022-09-22,2022-10-09,2022-09-22,2022-10-10,253.5,269.9,4,44698.0,46975.0,9493.0,9493.0,Y,N,8.0,Safety Stand-down
WO-00336,TAR-2022-FCC,Fluid Catalytic Cracker,Instrumentation,Replacement,Planned,Y,Northgate Industrial,2022-09-23,2022-10-02,2022-09-23,2022-10-10,167.4387965039209,312.0,4,22557.0,40654.0,1595.0,1595.0,Y,Y,0.0,Rework / Quality
WO-00337,TAR-2022-FCC,Fluid Catalytic Cracker,Inspection/NDT,Replacement,Emergent,N,Apex Turnaround Services,2022-09-17,2022-09-23,2022-09-17,2022-09-25,77.6,104.7,4,15672.0,19912.0,3531.0,3531.0,Y,N,0.0,Scope Growth / Discovery
WO-00338,TAR-2022-FCC,Fluid Catalytic Cracker,Scaffolding,Repair,Planned,N,Northgate Industrial,2022-09-24,2022-09-27,2022-09-24,2022-09-27,55.1,57.5,11,5010.0,5187.0,932.0,932.0,Y,N,0.0,On Plan
WO-00339,TAR-2022-FCC,Fluid Catalytic Cracker,Valves,Inspection,Planned,N,Sterling TAR Contractors,2022-09-24,2022-10-01,2022-09-24,2022-10-03,94.3,124.9,7,12306.0,15932.0,1131.0,1131.0,Y,N,0.0,Permit / Isolation Wait
WO-00340,TAR-2022-FCC,Fluid Catalytic Cracker,Valves,Inspection,Planned,N,In-House Maintenance,2022-10-05,2022-10-23,2022-10-05,2022-10-23,170.3,168.5,7,23232.0,23035.0,4513.0,4513.0,Y,N,0.0,On Plan
WO-00341,TAR-2022-FCC,Fluid Catalytic Cracker,Piping,Replacement,Planned,N,In-House Maintenance,2022-09-17,2022-09-30,2022-09-17,2022-09-30,112.5,111.0,11,14589.0,14448.0,3975.0,3975.0,Y,N,0.0,On Plan
WO-00342,TAR-2022-FCC,Fluid Catalytic Cracker,Mechanical (Rotating),Replacement,Planned,N,In-House Maintenance,2022-09-15,2022-09-17,2022-09-15,2022-09-17,20.8,20.5,9,3296.0,3254.0,373.0,373.0,Y,N,0.0,On Plan
WO-00343,TAR-2022-FCC,Fluid Catalytic Cracker,Insulation,Cleaning,Planned,N,Sterling TAR Contractors,2022-09-25,2022-10-07,2022-09-25,2022-10-10,197.6,255.1,6,19946.0,23861.0,6491.0,6491.0,Y,N,0.0,Labor Productivity
WO-00344,TAR-2022-FCC,Fluid Catalytic Cracker,Piping,Repair,Planned,Y,Delta Mechanical Ltd,2022-09-18,2022-10-10,2022-09-18,2022-10-15,282.8533592926178,343.9,9,35590.0,41243.0,9399.0,9399.0,Y,N,0.0,Inspection Hold
WO-00345,TAR-2022-FCC,Fluid Catalytic Cracker,Valves,Replacement,Planned,N,Apex Turnaround Services,2022-09-16,2022-09-23,2022-09-16,2022-09-25,137.5,167.4,9,17722.0,21117.0,2106.0,2106.0,Y,N,0.0,Labor Productivity
WO-00346,TAR-2022-FCC,Fluid Catalytic Cracker,Insulation,Replacement,Planned,Y,Northgate Industrial,2022-09-25,2022-10-01,2022-09-26,2022-10-02,119.20086017568975,93.0,10,12190.0,10485.0,4431.0,4431.0,Y,N,0.0,On Plan
WO-00347,TAR-2022-FCC,Fluid Catalytic Cracker,Catalyst Handling,Replacement,Discovery,N,Northgate Industrial,2022-09-17,2022-09-25,2022-09-17,2022-09-30,74.0,115.7,4,8937.0,13283.0,1224.0,1224.0,Y,N,0.0,Scope Growth / Discovery
WO-00348,TAR-2022-FCC,Fluid Catalytic Cracker,Insulation,Repair,Planned,N,Delta Mechanical Ltd,2022-09-24,2022-09-28,2022-09-25,2022-09-30,66.5,77.3,3,5074.0,5819.0,484.0,484.0,Y,N,0.0,Inspection Hold
WO-00349,TAR-2022-FCC,Fluid Catalytic Cracker,Mechanical (Rotating),Overhaul,Planned,N,In-House Maintenance,2022-10-13,2022-10-17,2022-10-14,2022-10-18,36.5,36.1,12,5398.0,5344.0,441.0,441.0,Y,N,0.0,On Plan
WO-00350,TAR-2022-FCC,Fluid Catalytic Cracker,Civil,Replacement,Planned,N,Northgate Industrial,2022-10-12,2022-10-15,2022-10-13,2022-10-16,31.2,34.7,2,3944.0,4237.0,1333.0,1333.0,Y,N,0.0,Inspection Hold
WO-00351,TAR-2022-FCC,Fluid Catalytic Cracker,Mechanical (Static/Vessels),Cleaning,Planned,N,Northgate Industrial,2022-10-19,2022-10-27,2022-10-19,2022-10-27,132.6,133.8,10,21627.0,21774.0,5323.0,5323.0,Y,N,0.0,On Plan
WO-00352,TAR-2022-FCC,Fluid Catalytic Cracker,Insulation,Cleaning,Planned,Y,Sterling TAR Contractors,2022-10-06,2022-10-09,2022-10-06,2022-10-10,45.409983467713694,66.9,7,3860.0,5432.0,538.0,538.0,Y,N,0.0,Inspection Hold
WO-00353,TAR-2022-FCC,Fluid Catalytic Cracker,Mechanical (Static/Vessels),Repair,Planned,N,Apex Turnaround Services,2022-09-21,2022-09-24,2022-09-21,2022-09-25,52.7,64.5,8,7894.0,9381.0,1250.0,1250.0,Y,N,0.0,Inspection Hold
WO-00354,TAR-2022-FCC,Fluid Catalytic Cracker,Mechanical (Rotating),Cleaning,Discovery,N,Northgate Industrial,2022-09-17,2022-09-20,2022-09-18,2022-09-23,47.9,83.1,8,8666.0,14424.0,1505.0,2000.0,N,Y,0.0,Scope Growth / Discovery
WO-00355,TAR-2022-FCC,Fluid Catalytic Cracker,Scaffolding,Overhaul,Discovery,N,Apex Turnaround Services,2022-10-19,2022-10-23,2022-10-20,2022-10-29,31.0,69.0,2,3100.0,5962.0,766.0,766.0,Y,Y,12.1,Scope Growth / Discovery
WO-00356,TAR-2022-FCC,Fluid Catalytic Cracker,Valves,Repair,Emergent,N,Sterling TAR Contractors,2022-09-21,2022-10-07,2022-09-22,2022-10-17,305.3,474.2,3,45232.0,63130.0,12880.0,12880.0,Y,N,0.0,Scope Growth / Discovery
WO-00357,TAR-2022-FCC,Fluid Catalytic Cracker,Mechanical (Static/Vessels),Overhaul,Planned,N,Northgate Industrial,2022-09-26,2022-10-14,2022-09-27,2022-10-15,174.3,176.9,9,29274.0,29586.0,8363.0,8363.0,Y,N,0.0,On Plan
WO-00358,TAR-2022-FCC,Fluid Catalytic Cracker,Piping,Inspection,Planned,Y,In-House Maintenance,2022-10-12,2022-10-19,2022-10-12,2022-10-19,132.37146377976967,119.5,6,17039.0,15751.0,3790.0,3790.0,Y,N,0.0,On Plan
WO-00359,TAR-2022-FCC,Fluid Catalytic Cracker,Civil,Cleaning,Discovery,N,In-House Maintenance,2022-10-03,2022-10-06,2022-10-03,2022-10-07,39.7,57.0,6,4047.0,5484.0,751.0,751.0,Y,N,0.0,Scope Growth / Discovery
WO-00360,TAR-2022-FCC,Fluid Catalytic Cracker,Mechanical (Static/Vessels),Replacement,Planned,N,Sterling TAR Contractors,2022-10-12,2022-10-14,2022-10-13,2022-10-15,31.7,35.5,6,4966.0,5439.0,1016.0,1016.0,Y,N,0.0,Inspection Hold
WO-00361,TAR-2022-FCC,Fluid Catalytic Cracker,Instrumentation,Inspection,Planned,N,Northgate Industrial,2022-09-28,2022-10-14,2022-09-28,2022-10-19,188.6,244.7,10,27751.0,35310.0,2337.0,2337.0,Y,N,0.0,Inspection Hold
WO-00362,TAR-2022-FCC,Fluid Catalytic Cracker,Mechanical (Rotating),Repair,Planned,N,Sterling TAR Contractors,2022-10-19,2022-11-03,2022-10-20,2022-11-07,226.0,271.5,11,41847.0,48361.0,9492.0,9492.0,Y,N,0.0,Labor Productivity
WO-00363,TAR-2022-FCC,Fluid Catalytic Cracker,Instrumentation,Inspection,Discovery,N,Delta Mechanical Ltd,2022-09-18,2022-09-20,2022-09-19,2022-09-23,34.6,63.2,12,5700.0,9475.0,1132.0,1132.0,Y,N,0.0,Scope Growth / Discovery
WO-00364,TAR-2022-FCC,Fluid Catalytic Cracker,Mechanical (Rotating),Overhaul,Planned,N,Apex Turnaround Services,2022-09-30,2022-10-03,2022-09-30,2022-10-03,49.2,53.2,2,8699.0,9279.0,1565.0,1565.0,Y,N,0.0,Labor Productivity
WO-00365,TAR-2022-FCC,Fluid Catalytic Cracker,Electrical,Overhaul,Emergent,N,Delta Mechanical Ltd,2022-09-18,2022-09-29,2022-09-19,2022-10-14,190.6,426.9,2,32368.0,65351.0,7296.0,9197.0,N,N,0.0,Scope Growth / Discovery
WO-00366,TAR-2022-FCC,Fluid Catalytic Cracker,Instrumentation,Inspection,Discovery,N,In-House Maintenance,2022-10-06,2022-10-28,2022-10-06,2022-11-07,334.5,490.1,9,47798.0,67599.0,5232.0,5232.0,Y,N,0.0,Scope Growth / Discovery
WO-00367,TAR-2022-FCC,Fluid Catalytic Cracker,Piping,Cleaning,Planned,N,Northgate Industrial,2022-09-19,2022-09-26,2022-09-19,2022-09-26,126.2,125.5,9,16158.0,16090.0,3935.0,3935.0,Y,N,0.0,On Plan
WO-00368,TAR-2022-FCC,Fluid Catalytic Cracker,Valves,Cleaning,Planned,N,Apex Turnaround Services,2022-10-14,2022-10-23,2022-10-14,2022-10-24,168.6,184.3,2,23787.0,25632.0,3967.0,3967.0,Y,N,0.0,Labor Productivity
WO-00369,TAR-2022-FCC,Fluid Catalytic Cracker,Mechanical (Static/Vessels),Replacement,Discovery,N,In-House Maintenance,2022-09-19,2022-10-06,2022-09-19,2022-10-16,193.9,310.7,3,26784.0,41145.0,2942.0,2942.0,Y,N,0.0,Scope Growth / Discovery
WO-00370,TAR-2022-FCC,Fluid Catalytic Cracker,Mechanical (Static/Vessels),Replacement,Planned,N,Sterling TAR Contractors,2022-09-18,2022-09-20,2022-09-18,2022-09-21,30.4,38.0,8,4210.0,5170.0,371.0,371.0,Y,N,0.0,Permit / Isolation Wait
WO-00371,TAR-2022-FCC,Fluid Catalytic Cracker,Piping,Inspection,Planned,N,Apex Turnaround Services,2022-10-09,2022-12-10,2022-10-10,2023-01-07,817.0,1169.6,4,94043.0,127733.0,15983.0,15983.0,Y,Y,0.0,Rework / Quality
WO-00372,TAR-2022-FCC,Fluid Catalytic Cracker,Insulation,Overhaul,Planned,N,Delta Mechanical Ltd,2022-10-09,2022-10-17,2022-10-09,2022-10-17,89.7,92.6,5,8252.0,8453.0,2032.0,2032.0,Y,N,0.0,On Plan
WO-00373,TAR-2022-FCC,Fluid Catalytic Cracker,Mechanical (Rotating),Replacement,Planned,N,In-House Maintenance,2022-10-11,2022-10-22,2022-10-12,2022-10-23,111.2,115.1,11,16328.0,16860.0,1166.0,1166.0,Y,N,0.0,On Plan
WO-00374,TAR-2022-FCC,Fluid Catalytic Cracker,Insulation,Replacement,Emergent,N,In-House Maintenance,2022-09-20,2022-10-03,2022-09-21,2022-10-06,196.1,230.5,11,15098.0,17339.0,2321.0,2321.0,Y,N,0.0,Scope Growth / Discovery
WO-00375,TAR-2022-FCC,Fluid Catalytic Cracker,Mechanical (Rotating),Inspection,Planned,N,In-House Maintenance,2022-10-11,2022-10-14,2022-10-12,2022-10-15,41.8,35.2,2,7110.0,6193.0,1306.0,1306.0,Y,N,0.0,On Plan
WO-00376,TAR-2022-FCC,Fluid Catalytic Cracker,Civil,Cleaning,Planned,N,Delta Mechanical Ltd,2022-09-17,2022-10-04,2022-09-18,2022-10-08,171.4,205.1,10,16782.0,20174.0,3403.0,4164.0,N,N,0.0,Material Delay
WO-00377,TAR-2022-FCC,Fluid Catalytic Cracker,Mechanical (Static/Vessels),Cleaning,Planned,N,Sterling TAR Contractors,2022-09-20,2022-09-26,2022-09-21,2022-09-27,58.4,58.8,2,9797.0,9847.0,2393.0,2393.0,Y,N,0.0,On Plan
WO-00378,TAR-2022-FCC,Fluid Catalytic Cracker,Inspection/NDT,Repair,Planned,N,Delta Mechanical Ltd,2022-10-04,2022-10-19,2022-10-05,2022-10-29,300.0,484.1,6,55785.0,84398.0,10215.0,10863.0,N,N,0.0,Material Delay
WO-00379,TAR-2022-FCC,Fluid Catalytic Cracker,Mechanical (Static/Vessels),Replacement,Planned,N,In-House Maintenance,2022-09-12,2022-09-15,2022-09-13,2022-09-17,53.3,63.8,6,9207.0,10487.0,2713.0,2713.0,Y,N,0.0,Labor Productivity
WO-00380,TAR-2022-FCC,Fluid Catalytic Cracker,Electrical,Inspection,Planned,Y,Apex Turnaround Services,2022-09-12,2022-09-25,2022-09-13,2022-09-26,180.1728614009128,181.0,10,26946.0,27046.0,4999.0,4999.0,Y,N,0.0,On Plan
WO-00381,TAR-2022-FCC,Fluid Catalytic Cracker,Civil,Replacement,Discovery,N,In-House Maintenance,2022-09-16,2022-09-24,2022-09-16,2022-09-27,130.5,179.1,10,12395.0,16537.0,1850.0,2065.0,N,N,0.0,Scope Growth / Discovery
WO-00382,TAR-2022-FCC,Fluid Catalytic Cracker,Piping,Inspection,Planned,Y,Northgate Industrial,2022-10-16,2022-10-21,2022-10-16,2022-10-22,72.21392507212119,80.5,5,9770.0,10618.0,2382.0,2382.0,Y,N,0.0,Inspection Hold
WO-00383,TAR-2022-FCC,Fluid Catalytic Cracker,Mechanical (Rotating),Replacement,Planned,N,In-House Maintenance,2022-09-15,2022-09-21,2022-09-15,2022-09-22,112.6,139.5,13,18325.0,21962.0,3103.0,3103.0,Y,N,0.0,Inspection Hold
WO-00384,TAR-2022-FCC,Fluid Catalytic Cracker,Inspection/NDT,Replacement,Emergent,N,In-House Maintenance,2022-10-14,2022-10-21,2022-10-15,2022-10-29,132.6,269.4,9,23577.0,44878.0,3248.0,3576.0,N,Y,0.0,Scope Growth / Discovery
WO-00385,TAR-2022-FCC,Fluid Catalytic Cracker,Piping,Cleaning,Planned,N,Sterling TAR Contractors,2022-10-19,2022-10-20,2022-10-19,2022-10-20,11.7,13.9,2,1724.0,1938.0,585.0,585.0,Y,N,0.0,Labor Productivity
WO-00386,TAR-2022-FCC,Fluid Catalytic Cracker,Piping,Replacement,Discovery,N,In-House Maintenance,2022-10-02,2022-10-10,2022-10-03,2022-10-21,64.6,148.3,6,6725.0,14925.0,562.0,777.0,N,N,0.0,Scope Growth / Discovery
WO-00387,TAR-2022-FCC,Fluid Catalytic Cracker,Valves,Replacement,Discovery,N,Sterling TAR Contractors,2022-10-08,2022-10-23,2022-10-09,2022-10-24,180.1,183.1,10,23463.0,23779.0,4478.0,4478.0,Y,Y,0.0,On Plan
WO-00388,TAR-2022-FCC,Fluid Catalytic Cracker,Scaffolding,Inspection,Planned,N,Sterling TAR Contractors,2022-10-11,2022-10-18,2022-10-11,2022-10-20,90.4,115.4,9,8671.0,10367.0,2540.0,2540.0,Y,N,0.0,Inspection Hold
WO-00389,TAR-2022-FCC,Fluid Catalytic Cracker,Valves,Repair,Emergent,N,Northgate Industrial,2022-10-07,2022-10-20,2022-10-07,2022-10-25,159.8,221.2,2,23459.0,31994.0,4853.0,6239.0,N,N,0.0,Scope Growth / Discovery
WO-00390,TAR-2022-FCC,Fluid Catalytic Cracker,Piping,Repair,Planned,N,In-House Maintenance,2022-10-02,2022-10-05,2022-10-03,2022-10-06,46.5,44.0,6,5180.0,4939.0,691.0,691.0,Y,N,0.0,On Plan
WO-00391,TAR-2022-FCC,Fluid Catalytic Cracker,Inspection/NDT,Repair,Planned,N,Northgate Industrial,2022-09-26,2022-10-02,2022-09-26,2022-10-03,59.0,64.1,5,11697.0,12463.0,2830.0,2830.0,Y,N,0.0,Inspection Hold
WO-00392,TAR-2022-FCC,Fluid Catalytic Cracker,Inspection/NDT,Repair,Planned,N,Sterling TAR Contractors,2022-10-11,2022-10-28,2022-10-11,2022-10-31,248.3,298.2,8,51907.0,59812.0,12572.0,12572.0,Y,N,0.0,Labor Productivity
WO-00393,TAR-2022-FCC,Fluid Catalytic Cracker,Inspection/NDT,Repair,Planned,N,Delta Mechanical Ltd,2022-09-30,2022-10-07,2022-10-01,2022-10-09,57.7,69.4,12,9650.0,11375.0,1141.0,1141.0,Y,Y,0.0,Rework / Quality
WO-00394,TAR-2022-FCC,Fluid Catalytic Cracker,Piping,Inspection,Emergent,N,Northgate Industrial,2022-10-08,2022-10-10,2022-10-09,2022-10-13,23.3,42.6,13,2642.0,4504.0,394.0,394.0,Y,N,0.0,Scope Growth / Discovery
WO-00395,TAR-2022-FCC,Fluid Catalytic Cracker,Instrumentation,Cleaning,Discovery,N,Sterling TAR Contractors,2022-10-08,2022-10-16,2022-10-08,2022-10-23,81.0,147.8,10,12996.0,22154.0,1892.0,1892.0,Y,N,0.0,Scope Growth / Discovery
WO-00396,TAR-2022-FCC,Fluid Catalytic Cracker,Electrical,Inspection,Planned,N,Northgate Industrial,2022-10-17,2022-10-24,2022-10-17,2022-10-25,72.5,77.9,8,11861.0,12559.0,2488.0,2488.0,Y,N,0.0,Permit / Isolation Wait
WO-00397,TAR-2022-FCC,Fluid Catalytic Cracker,Mechanical (Static/Vessels),Cleaning,Discovery,N,Sterling TAR Contractors,2022-10-10,2022-10-26,2022-10-10,2022-11-03,148.6,221.4,5,18964.0,27932.0,1400.0,1764.0,N,N,0.0,Scope Growth / Discovery
WO-00398,TAR-2022-FCC,Fluid Catalytic Cracker,Valves,Replacement,Planned,N,In-House Maintenance,2022-10-08,2022-10-11,2022-10-08,2022-10-11,44.3,43.2,3,5368.0,5243.0,350.0,350.0,Y,N,0.0,On Plan
WO-00399,TAR-2022-FCC,Fluid Catalytic Cracker,Piping,Replacement,Planned,N,Northgate Industrial,2022-10-06,2022-10-12,2022-10-06,2022-10-12,48.2,47.7,5,5850.0,5799.0,935.0,935.0,Y,N,0.0,On Plan
WO-00400,TAR-2022-FCC,Fluid Catalytic Cracker,Instrumentation,Inspection,Planned,N,Northgate Industrial,2022-09-23,2022-09-28,2022-09-24,2022-09-30,57.7,64.5,9,10254.0,11102.0,3056.0,3056.0,Y,N,0.0,Inspection Hold
WO-00401,TAR-2022-FCC,Fluid Catalytic Cracker,Civil,Replacement,Planned,N,Apex Turnaround Services,2022-10-17,2022-10-31,2022-10-18,2022-11-02,178.5,195.9,9,16726.0,18208.0,1517.0,1517.0,Y,N,0.0,Inspection Hold
WO-00402,TAR-2022-FCC,Fluid Catalytic Cracker,Piping,Inspection,Discovery,N,In-House Maintenance,2022-10-18,2022-11-01,2022-10-18,2022-11-09,173.3,268.9,2,18994.0,28660.0,2864.0,3632.0,N,N,0.0,Scope Growth / Discovery
WO-00403,TAR-2022-FCC,Fluid Catalytic Cracker,Valves,Overhaul,Planned,N,Northgate Industrial,2022-09-24,2022-10-01,2022-09-25,2022-10-03,66.8,73.6,5,7969.0,8705.0,744.0,744.0,Y,N,0.0,Inspection Hold
WO-00404,TAR-2022-FCC,Fluid Catalytic Cracker,Instrumentation,Cleaning,Discovery,N,Apex Turnaround Services,2022-10-11,2022-10-17,2022-10-12,2022-10-26,76.4,181.1,6,14512.0,29138.0,3839.0,3839.0,Y,N,0.0,Scope Growth / Discovery
WO-00405,TAR-2022-FCC,Fluid Catalytic Cracker,Insulation,Inspection,Emergent,N,Northgate Industrial,2022-10-18,2022-11-09,2022-10-18,2022-11-16,184.9,242.2,11,19678.0,26112.0,6177.0,8427.0,N,N,0.0,Scope Growth / Discovery
WO-00406,TAR-2022-FCC,Fluid Catalytic Cracker,Instrumentation,Cleaning,Planned,N,Northgate Industrial,2022-10-08,2022-10-09,2022-10-08,2022-10-09,11.9,15.6,6,1734.0,2203.0,225.0,225.0,Y,Y,0.0,Rework / Quality
WO-00407,TAR-2022-FCC,Fluid Catalytic Cracker,Mechanical (Static/Vessels),Overhaul,Planned,N,Sterling TAR Contractors,2022-09-12,2022-09-14,2022-09-12,2022-09-15,35.5,46.0,12,5020.0,6354.0,509.0,509.0,Y,Y,0.0,Rework / Quality
WO-00408,TAR-2022-FCC,Fluid Catalytic Cracker,Insulation,Overhaul,Planned,N,Delta Mechanical Ltd,2022-10-03,2022-10-07,2022-10-04,2022-10-10,62.1,88.0,11,6835.0,9018.0,2339.0,2647.0,N,N,0.0,Material Delay
WO-00409,TAR-2022-FCC,Fluid Catalytic Cracker,Insulation,Inspection,Planned,N,Delta Mechanical Ltd,2022-10-08,2022-10-23,2022-10-09,2022-10-27,134.1,162.4,9,12023.0,14099.0,2188.0,2188.0,Y,N,5.4,Safety Stand-down
WO-00410,TAR-2022-FCC,Fluid Catalytic Cracker,Mechanical (Rotating),Inspection,Discovery,N,Delta Mechanical Ltd,2022-10-02,2022-10-17,2022-10-02,2022-10-21,258.6,332.2,10,39159.0,50409.0,3828.0,5023.0,N,N,0.0,Scope Growth / Discovery
WO-00411,TAR-2022-FCC,Fluid Catalytic Cracker,Mechanical (Rotating),Replacement,Planned,N,In-House Maintenance,2022-10-03,2022-10-06,2022-10-04,2022-10-07,50.9,54.3,4,8686.0,9183.0,1244.0,1244.0,Y,N,0.0,Inspection Hold
WO-00412,TAR-2022-FCC,Fluid Catalytic Cracker,Civil,Replacement,Planned,N,Northgate Industrial,2022-09-18,2022-09-22,2022-09-18,2022-09-22,48.7,46.5,6,5155.0,4970.0,1064.0,1064.0,Y,N,0.0,On Plan
WO-00413,TAR-2022-FCC,Fluid Catalytic Cracker,Piping,Repair,Planned,N,Apex Turnaround Services,2022-09-21,2022-09-29,2022-09-21,2022-09-29,101.7,107.2,8,11260.0,11771.0,1812.0,1812.0,Y,N,0.0,Permit / Isolation Wait
WO-00414,TAR-2022-FCC,Fluid Catalytic Cracker,Mechanical (Static/Vessels),Replacement,Planned,N,Delta Mechanical Ltd,2022-09-14,2022-09-20,2022-09-15,2022-09-25,67.5,115.2,11,10486.0,16759.0,2189.0,2599.0,N,N,0.0,Material Delay
WO-00415,TAR-2022-FCC,Fluid Catalytic Cracker,Valves,Repair,Planned,N,In-House Maintenance,2022-09-29,2022-10-09,2022-09-29,2022-10-09,101.7,86.7,5,13207.0,11506.0,1671.0,1671.0,Y,N,0.0,On Plan
WO-00416,TAR-2022-FCC,Fluid Catalytic Cracker,Catalyst Handling,Repair,Planned,N,In-House Maintenance,2022-10-05,2022-10-06,2022-10-06,2022-10-07,25.0,33.1,5,3637.0,4706.0,853.0,1019.0,N,N,0.0,Material Delay
WO-00417,TAR-2022-FCC,Fluid Catalytic Cracker,Electrical,Inspection,Planned,N,Apex Turnaround Services,2022-10-01,2022-10-08,2022-10-02,2022-10-10,117.8,136.4,6,20248.0,22490.0,6048.0,6048.0,Y,N,0.0,Labor Productivity
WO-00418,TAR-2022-FCC,Fluid Catalytic Cracker,Mechanical (Rotating),Overhaul,Emergent,N,Apex Turnaround Services,2022-10-04,2022-10-14,2022-10-04,2022-10-22,164.4,290.3,2,29629.0,46833.0,7164.0,7164.0,Y,N,0.0,Scope Growth / Discovery
WO-00419,TAR-2022-FCC,Fluid Catalytic Cracker,Piping,Overhaul,Planned,N,Delta Mechanical Ltd,2022-10-14,2022-10-20,2022-10-14,2022-10-20,109.7,116.3,11,12917.0,13534.0,2655.0,2655.0,Y,N,0.0,Labor Productivity
WO-00420,TAR-2022-FCC,Fluid Catalytic Cracker,Piping,Repair,Planned,N,Sterling TAR Contractors,2022-10-18,2022-10-25,2022-10-19,2022-10-30,77.8,120.1,2,9732.0,14495.0,2049.0,2635.0,N,N,0.0,Material Delay
WO-00421,TAR-2022-FCC,Fluid Catalytic Cracker,Piping,Repair,Discovery,N,Sterling TAR Contractors,2022-10-10,2022-10-16,2022-10-10,2022-10-24,78.7,188.5,13,11650.0,23725.0,4015.0,5439.0,N,N,0.0,Scope Growth / Discovery
WO-00422,TAR-2022-FCC,Fluid Catalytic Cracker,Valves,Overhaul,Planned,N,In-House Maintenance,2022-09-26,2022-09-28,2022-09-26,2022-09-28,28.0,34.3,6,4504.0,5224.0,1304.0,1304.0,Y,N,0.0,Labor Productivity
WO-00423,TAR-2022-FCC,Fluid Catalytic Cracker,Mechanical (Static/Vessels),Repair,Planned,N,Northgate Industrial,2022-10-12,2022-10-16,2022-10-12,2022-10-18,33.1,45.9,12,5477.0,7096.0,1293.0,1293.0,Y,Y,0.0,Rework / Quality
WO-00424,TAR-2022-FCC,Fluid Catalytic Cracker,Mechanical (Static/Vessels),Repair,Planned,N,Delta Mechanical Ltd,2022-09-20,2022-09-27,2022-09-21,2022-10-05,133.5,262.0,7,21115.0,37038.0,4572.0,4572.0,Y,Y,0.0,Rework / Quality
WO-00425,TAR-2022-FCC,Fluid Catalytic Cracker,Piping,Inspection,Planned,N,Delta Mechanical Ltd,2022-09-12,2022-09-19,2022-09-13,2022-09-22,109.2,145.1,10,11782.0,15333.0,981.0,981.0,Y,N,0.0,Inspection Hold
WO-00426,TAR-2022-FCC,Fluid Catalytic Cracker,Catalyst Handling,Inspection,Discovery,N,Northgate Industrial,2022-10-01,2022-10-02,2022-10-01,2022-10-02,24.7,36.9,6,3644.0,5313.0,1150.0,1587.0,N,N,0.0,Scope Growth / Discovery
WO-00427,TAR-2022-FCC,Fluid Catalytic Cracker,Mechanical (Rotating),Overhaul,Planned,N,Delta Mechanical Ltd,2022-09-27,2022-10-25,2022-09-28,2022-11-20,282.4,538.6,10,49102.0,89308.0,7513.0,9989.0,N,Y,0.0,Material Delay
WO-00428,TAR-2022-FCC,Fluid Catalytic Cracker,Piping,Overhaul,Planned,N,Northgate Industrial,2022-09-19,2022-09-25,2022-09-19,2022-09-25,90.6,88.1,13,12630.0,12377.0,3455.0,3455.0,Y,N,0.0,On Plan
WO-00429,TAR-2022-FCC,Fluid Catalytic Cracker,Inspection/NDT,Repair,Planned,N,Apex Turnaround Services,2022-09-14,2022-09-19,2022-09-14,2022-09-20,89.2,103.4,3,16590.0,18834.0,2499.0,2499.0,Y,N,6.0,Safety Stand-down
WO-00430,TAR-2022-FCC,Fluid Catalytic Cracker,Mechanical (Static/Vessels),Cleaning,Discovery,N,In-House Maintenance,2022-10-15,2022-10-19,2022-10-15,2022-10-22,62.7,103.6,2,10489.0,15253.0,3185.0,3185.0,Y,N,0.0,Scope Growth / Discovery
WO-00431,TAR-2022-FCC,Fluid Catalytic Cracker,Mechanical (Rotating),Replacement,Discovery,N,Sterling TAR Contractors,2022-09-20,2022-09-28,2022-09-20,2022-09-29,121.1,129.6,2,23582.0,24800.0,6237.0,6237.0,Y,N,0.0,Scope Growth / Discovery
WO-00432,TAR-2022-FCC,Fluid Catalytic Cracker,Inspection/NDT,Repair,Planned,N,In-House Maintenance,2022-09-13,2022-09-21,2022-09-13,2022-09-21,73.7,58.2,13,12840.0,10407.0,1275.0,1275.0,Y,N,0.0,On Plan
WO-00433,TAR-2022-FCC,Fluid Catalytic Cracker,Mechanical (Rotating),Repair,Planned,N,Delta Mechanical Ltd,2022-10-12,2022-11-05,2022-10-12,2022-11-15,233.3,332.6,10,43940.0,58591.0,9518.0,9518.0,Y,N,0.0,Labor Productivity
WO-00434,TAR-2022-FCC,Fluid Catalytic Cracker,Instrumentation,Repair,Planned,N,Sterling TAR Contractors,2022-09-19,2022-10-24,2022-09-20,2022-11-21,286.8,509.2,9,46654.0,79949.0,7345.0,10157.0,N,N,0.0,Material Delay
WO-00435,TAR-2022-FCC,Fluid Catalytic Cracker,Inspection/NDT,Repair,Planned,N,Apex Turnaround Services,2022-09-20,2022-09-23,2022-09-20,2022-09-23,58.6,65.5,13,11008.0,12109.0,1662.0,1662.0,Y,N,0.0,Permit / Isolation Wait
WO-00436,TAR-2022-FCC,Fluid Catalytic Cracker,Inspection/NDT,Replacement,Planned,N,Northgate Industrial,2022-10-14,2022-10-19,2022-10-14,2022-10-19,50.9,55.9,13,9886.0,10670.0,1909.0,1909.0,Y,N,0.0,Labor Productivity
WO-00437,TAR-2022-FCC,Fluid Catalytic Cracker,Valves,Cleaning,Discovery,N,Northgate Industrial,2022-09-27,2022-10-05,2022-09-27,2022-10-10,128.9,217.2,3,15229.0,25109.0,806.0,806.0,Y,N,0.0,Scope Growth / Discovery
WO-00438,TAR-2022-FCC,Fluid Catalytic Cracker,Piping,Inspection,Planned,N,In-House Maintenance,2022-10-18,2022-10-23,2022-10-18,2022-10-24,101.1,118.2,3,12132.0,13812.0,2203.0,2203.0,Y,N,0.0,Permit / Isolation Wait
WO-00439,TAR-2022-FCC,Fluid Catalytic Cracker,Piping,Replacement,Planned,N,Northgate Industrial,2022-10-05,2022-10-16,2022-10-06,2022-10-18,116.0,126.5,6,12820.0,14069.0,1077.0,1263.0,N,N,0.0,Material Delay
WO-00440,TAR-2022-FCC,Fluid Catalytic Cracker,Instrumentation,Cleaning,Discovery,N,In-House Maintenance,2022-09-21,2022-10-19,2022-09-21,2022-10-19,233.1,219.4,11,31604.0,29836.0,1529.0,1529.0,Y,N,13.6,On Plan
WO-00441,TAR-2022-FCC,Fluid Catalytic Cracker,Valves,Inspection,Planned,N,Delta Mechanical Ltd,2022-09-26,2022-09-30,2022-09-27,2022-10-02,61.0,74.8,6,7760.0,9343.0,758.0,758.0,Y,N,2.5,Safety Stand-down
WO-00442,TAR-2022-FCC,Fluid Catalytic Cracker,Mechanical (Rotating),Replacement,Planned,Y,In-House Maintenance,2022-09-25,2022-10-02,2022-09-26,2022-10-03,87.91197538096957,68.9,7,14865.0,12259.0,2815.0,2815.0,Y,N,0.0,On Plan
WO-00443,TAR-2022-FCC,Fluid Catalytic Cracker,Electrical,Cleaning,Planned,N,Northgate Industrial,2022-10-01,2022-10-08,2022-10-02,2022-10-09,93.3,97.3,11,15313.0,15839.0,3053.0,3053.0,Y,N,0.0,On Plan
WO-00444,TAR-2022-FCC,Fluid Catalytic Cracker,Scaffolding,Repair,Planned,N,Northgate Industrial,2022-09-27,2022-10-08,2022-09-28,2022-10-09,96.8,95.5,3,10565.0,10467.0,3261.0,3261.0,Y,N,0.0,On Plan
WO-00445,TAR-2022-FCC,Fluid Catalytic Cracker,Civil,Inspection,Planned,N,In-House Maintenance,2022-10-07,2022-10-10,2022-10-08,2022-10-11,38.6,43.0,11,4423.0,4768.0,1397.0,1397.0,Y,N,0.0,Labor Productivity
WO-00446,TAR-2022-FCC,Fluid Catalytic Cracker,Insulation,Replacement,Discovery,N,Delta Mechanical Ltd,2022-09-12,2022-09-13,2022-09-13,2022-09-14,16.9,23.1,13,1295.0,1726.0,121.0,121.0,Y,N,0.0,Scope Growth / Discovery
WO-00447,TAR-2022-FCC,Fluid Catalytic Cracker,Scaffolding,Overhaul,Emergent,N,Sterling TAR Contractors,2022-10-10,2022-10-13,2022-10-10,2022-10-15,64.0,114.9,2,8061.0,12161.0,3385.0,3766.0,N,N,0.0,Scope Growth / Discovery
WO-00448,TAR-2022-FCC,Fluid Catalytic Cracker,Valves,Inspection,Planned,N,Sterling TAR Contractors,2022-10-04,2022-10-09,2022-10-04,2022-10-11,92.5,128.2,13,14679.0,18714.0,4223.0,4223.0,Y,N,0.0,Labor Productivity
WO-00449,TAR-2022-FCC,Fluid Catalytic Cracker,Piping,Replacement,Planned,N,Northgate Industrial,2022-09-27,2022-10-02,2022-09-27,2022-10-02,67.5,68.5,7,8117.0,8208.0,1969.0,1969.0,Y,N,0.0,On Plan
WO-00450,TAR-2022-FCC,Fluid Catalytic Cracker,Inspection/NDT,Inspection,Planned,N,Delta Mechanical Ltd,2022-10-11,2022-10-19,2022-10-11,2022-10-22,68.8,91.1,5,11934.0,15123.0,2097.0,2097.0,Y,N,0.0,Inspection Hold
WO-00451,TAR-2022-FCC,Fluid Catalytic Cracker,Electrical,Cleaning,Planned,N,Delta Mechanical Ltd,2022-09-24,2022-10-01,2022-09-25,2022-10-06,80.0,129.3,12,12349.0,18831.0,1830.0,1830.0,Y,N,0.0,Labor Productivity
WO-00452,TAR-2022-FCC,Fluid Catalytic Cracker,Scaffolding,Repair,Planned,N,Delta Mechanical Ltd,2022-09-14,2022-09-20,2022-09-14,2022-09-23,82.0,117.9,9,6531.0,9162.0,520.0,520.0,Y,N,0.0,Inspection Hold
WO-00453,TAR-2022-FCC,Fluid Catalytic Cracker,Instrumentation,Repair,Emergent,N,Delta Mechanical Ltd,2022-09-17,2022-11-03,2022-09-18,2023-02-18,404.5,1313.3,10,73189.0,202458.0,18004.0,23286.0,N,Y,0.0,Scope Growth / Discovery
WO-00454,TAR-2022-FCC,Fluid Catalytic Cracker,Piping,Repair,Planned,N,In-House Maintenance,2022-09-17,2022-09-19,2022-09-17,2022-09-19,32.7,39.5,7,3963.0,4624.0,787.0,787.0,Y,Y,0.0,Rework / Quality
WO-00455,TAR-2022-FCC,Fluid Catalytic Cracker,Insulation,Repair,Planned,N,Apex Turnaround Services,2022-10-05,2022-10-17,2022-10-06,2022-10-18,174.8,176.8,10,20408.0,20548.0,8129.0,8129.0,Y,N,0.0,On Plan
WO-00456,TAR-2022-FCC,Fluid Catalytic Cracker,Mechanical (Static/Vessels),Overhaul,Emergent,Y,In-House Maintenance,2022-10-12,2022-10-21,2022-10-12,2022-11-02,132.72228882142917,311.9,12,16046.0,36809.0,854.0,1108.0,N,N,0.0,Scope Growth / Discovery
WO-00457,TAR-2022-FCC,Fluid Catalytic Cracker,Mechanical (Rotating),Overhaul,Planned,N,Northgate Industrial,2022-09-19,2022-09-23,2022-09-20,2022-09-25,63.7,75.5,2,11673.0,13347.0,2638.0,2638.0,Y,N,0.0,Labor Productivity
WO-00458,TAR-2022-FCC,Fluid Catalytic Cracker,Mechanical (Rotating),Overhaul,Planned,N,Sterling TAR Contractors,2022-09-16,2022-09-22,2022-09-16,2022-09-24,67.1,94.2,6,11080.0,15087.0,1414.0,1517.0,N,N,0.0,Material Delay
WO-00459,TAR-2022-FCC,Fluid Catalytic Cracker,Catalyst Handling,Overhaul,Planned,Y,Apex Turnaround Services,2022-10-04,2022-10-24,2022-10-04,2022-10-30,240.6683821863562,307.2,9,30340.0,37691.0,3745.0,3745.0,Y,N,0.0,Permit / Isolation Wait
WO-00460,TAR-2022-FCC,Fluid Catalytic Cracker,Instrumentation,Replacement,Planned,N,In-House Maintenance,2022-09-12,2022-09-15,2022-09-12,2022-09-17,36.5,58.6,9,4899.0,7705.0,263.0,263.0,Y,Y,0.0,Rework / Quality
WO-00461,TAR-2023-HCU,Hydrocracker Unit,Valves,Replacement,Planned,N,Sterling TAR Contractors,2023-06-09,2023-06-15,2023-06-10,2023-06-16,92.4,92.3,10,14090.0,14078.0,3799.0,3799.0,Y,N,0.0,On Plan
WO-00462,TAR-2023-HCU,Hydrocracker Unit,Mechanical (Static/Vessels),Overhaul,Planned,N,Sterling TAR Contractors,2023-06-02,2023-07-01,2023-06-03,2023-07-02,356.7,328.1,3,62974.0,59442.0,18920.0,18920.0,Y,N,0.0,On Plan
WO-00463,TAR-2023-HCU,Hydrocracker Unit,Civil,Repair,Planned,N,Sterling TAR Contractors,2023-05-28,2023-06-04,2023-05-28,2023-06-06,70.0,90.4,10,9295.0,10938.0,3658.0,3658.0,Y,Y,0.0,Rework / Quality
WO-00464,TAR-2023-HCU,Hydrocracker Unit,Mechanical (Rotating),Repair,Discovery,N,Apex Turnaround Services,2023-06-09,2023-06-24,2023-06-10,2023-06-25,209.5,180.7,4,39249.0,38165.0,10145.0,13062.0,N,N,0.0,On Plan
WO-00465,TAR-2023-HCU,Hydrocracker Unit,Inspection/NDT,Repair,Planned,N,Apex Turnaround Services,2023-06-02,2023-06-06,2023-06-02,2023-06-07,71.8,93.8,10,14685.0,19213.0,3892.0,5113.0,N,N,8.0,Material Delay
WO-00466,TAR-2023-HCU,Hydrocracker Unit,Inspection/NDT,Repair,Discovery,N,Northgate Industrial,2023-05-08,2023-05-14,2023-05-08,2023-05-14,112.5,80.6,13,19629.0,14805.0,2617.0,2617.0,Y,N,0.0,On Plan
WO-00467,TAR-2023-HCU,Hydrocracker Unit,Piping,Overhaul,Planned,N,Northgate Industrial,2023-06-02,2023-06-07,2023-06-02,2023-06-07,87.4,91.2,2,10195.0,10553.0,1953.0,1953.0,Y,N,0.0,On Plan
WO-00468,TAR-2023-HCU,Hydrocracker Unit,Scaffolding,Repair,Emergent,N,Northgate Industrial,2023-05-26,2023-05-31,2023-05-26,2023-06-03,52.5,85.1,13,5217.0,7473.0,1585.0,1585.0,Y,N,0.0,Scope Growth / Discovery
WO-00469,TAR-2023-HCU,Hydrocracker Unit,Inspection/NDT,Replacement,Planned,N,Apex Turnaround Services,2023-05-22,2023-05-24,2023-05-22,2023-05-25,29.8,39.2,4,6113.0,7532.0,1617.0,1617.0,Y,N,0.0,Permit / Isolation Wait
WO-00470,TAR-2023-HCU,Hydrocracker Unit,Mechanical (Static/Vessels),Overhaul,Discovery,N,Sterling TAR Contractors,2023-05-18,2023-05-22,2023-05-18,2023-05-27,58.9,129.4,3,9354.0,18676.0,1728.0,1922.0,N,Y,0.0,Scope Growth / Discovery
WO-00471,TAR-2023-HCU,Hydrocracker Unit,Scaffolding,Repair,Planned,N,In-House Maintenance,2023-05-11,2023-05-15,2023-05-11,2023-05-15,57.7,55.1,7,5639.0,5447.0,1388.0,1388.0,Y,N,0.0,On Plan
WO-00472,TAR-2023-HCU,Hydrocracker Unit,Piping,Repair,Discovery,N,In-House Maintenance,2023-05-19,2023-05-26,2023-05-19,2023-05-28,67.7,86.5,10,8072.0,9941.0,1343.0,1343.0,Y,N,0.0,Scope Growth / Discovery
WO-00473,TAR-2023-HCU,Hydrocracker Unit,Piping,Inspection,Planned,N,Sterling TAR Contractors,2023-06-04,2023-06-06,2023-06-04,2023-06-06,32.3,21.4,6,3319.0,2293.0,279.0,279.0,Y,N,0.0,On Plan
WO-00474,TAR-2023-HCU,Hydrocracker Unit,Inspection/NDT,Cleaning,Planned,N,Apex Turnaround Services,2023-06-01,2023-06-04,2023-06-01,2023-06-04,39.9,43.4,2,6533.0,7073.0,376.0,376.0,Y,N,0.0,Labor Productivity
WO-00475,TAR-2023-HCU,Hydrocracker Unit,Valves,Cleaning,Discovery,N,Northgate Industrial,2023-06-09,2023-06-17,2023-06-09,2023-06-25,109.5,213.7,13,14861.0,26625.0,3149.0,3768.0,N,N,0.0,Scope Growth / Discovery
WO-00476,TAR-2023-HCU,Hydrocracker Unit,Piping,Repair,Planned,N,Apex Turnaround Services,2023-05-29,2023-06-04,2023-05-29,2023-06-05,95.9,105.9,8,13298.0,14297.0,3714.0,3714.0,Y,N,0.0,Labor Productivity
WO-00477,TAR-2023-HCU,Hydrocracker Unit,Piping,Inspection,Discovery,N,Northgate Industrial,2023-05-19,2023-05-21,2023-05-20,2023-05-23,22.1,27.7,5,2453.0,3038.0,192.0,204.0,N,N,0.0,Scope Growth / Discovery
WO-00478,TAR-2023-HCU,Hydrocracker Unit,Electrical,Replacement,Planned,N,Northgate Industrial,2023-05-17,2023-05-27,2023-05-18,2023-05-28,188.9,157.8,10,29322.0,25539.0,6345.0,6345.0,Y,N,0.0,On Plan
WO-00479,TAR-2023-HCU,Hydrocracker Unit,Mechanical (Static/Vessels),Replacement,Discovery,N,In-House Maintenance,2023-05-11,2023-06-13,2023-05-11,2023-07-13,324.4,623.4,6,57799.0,97360.0,15891.0,16826.0,N,N,0.0,Scope Growth / Discovery
WO-00480,TAR-2023-HCU,Hydrocracker Unit,Mechanical (Static/Vessels),Replacement,Planned,N,Sterling TAR Contractors,2023-05-26,2023-06-06,2023-05-27,2023-06-07,130.5,132.1,13,23302.0,23503.0,6961.0,6961.0,Y,N,0.0,On Plan
WO-00481,TAR-2023-HCU,Hydrocracker Unit,Inspection/NDT,Repair,Discovery,N,Sterling TAR Contractors,2023-05-27,2023-05-31,2023-05-28,2023-06-03,45.2,72.3,13,8429.0,12894.0,1801.0,2292.0,N,N,0.0,Scope Growth / Discovery
WO-00482,TAR-2023-HCU,Hydrocracker Unit,Inspection/NDT,Cleaning,Planned,N,Delta Mechanical Ltd,2023-05-19,2023-05-21,2023-05-20,2023-05-22,25.9,30.8,3,5106.0,5949.0,952.0,1010.0,N,N,0.0,Material Delay
WO-00483,TAR-2023-HCU,Hydrocracker Unit,Valves,Repair,Planned,Y,Delta Mechanical Ltd,2023-05-22,2023-06-06,2023-05-22,2023-06-08,210.74596649795512,242.6,9,36110.0,39887.0,11115.0,11115.0,Y,N,0.0,Labor Productivity
WO-00484,TAR-2023-HCU,Hydrocracker Unit,Mechanical (Static/Vessels),Inspection,Planned,N,Delta Mechanical Ltd,2023-05-25,2023-06-04,2023-05-25,2023-06-05,149.7,166.4,11,20568.0,22648.0,1926.0,1926.0,Y,Y,0.0,Rework / Quality
WO-00485,TAR-2023-HCU,Hydrocracker Unit,Valves,Inspection,Planned,N,Northgate Industrial,2023-05-30,2023-06-07,2023-05-31,2023-06-09,90.2,101.5,11,11168.0,12464.0,822.0,822.0,Y,Y,0.0,Rework / Quality
WO-00486,TAR-2023-HCU,Hydrocracker Unit,Electrical,Cleaning,Discovery,N,In-House Maintenance,2023-06-09,2023-06-18,2023-06-09,2023-06-26,92.4,173.1,8,13205.0,23901.0,1438.0,1857.0,N,N,0.0,Scope Growth / Discovery
WO-00487,TAR-2023-HCU,Hydrocracker Unit,Valves,Repair,Planned,N,Sterling TAR Contractors,2023-05-10,2023-05-18,2023-05-11,2023-05-19,159.3,162.8,10,23702.0,24077.0,6673.0,6673.0,Y,N,0.0,On Plan
WO-00488,TAR-2023-HCU,Hydrocracker Unit,Electrical,Overhaul,Discovery,N,In-House Maintenance,2023-06-09,2023-06-15,2023-06-09,2023-06-15,108.8,110.4,11,15631.0,16360.0,1431.0,1951.0,N,N,0.0,On Plan
WO-00489,TAR-2023-HCU,Hydrocracker Unit,Piping,Repair,Planned,N,Delta Mechanical Ltd,2023-05-19,2023-05-22,2023-05-19,2023-05-23,44.2,65.8,13,4875.0,7047.0,430.0,430.0,Y,Y,0.0,Rework / Quality
WO-00490,TAR-2023-HCU,Hydrocracker Unit,Catalyst Handling,Overhaul,Emergent,N,Delta Mechanical Ltd,2023-05-31,2023-06-05,2023-06-01,2023-06-19,43.8,158.2,2,4728.0,16456.0,275.0,371.0,N,N,15.4,Scope Growth / Discovery
WO-00491,TAR-2023-HCU,Hydrocracker Unit,Piping,Inspection,Planned,N,In-House Maintenance,2023-05-21,2023-05-23,2023-05-22,2023-05-24,39.4,42.3,10,4187.0,4460.0,482.0,482.0,Y,N,0.0,Labor Productivity
WO-00492,TAR-2023-HCU,Hydrocracker Unit,Inspection/NDT,Overhaul,Discovery,N,Northgate Industrial,2023-05-23,2023-06-01,2023-05-24,2023-06-02,135.7,120.2,13,23879.0,21759.0,2412.0,2744.0,N,N,0.0,On Plan
WO-00493,TAR-2023-HCU,Hydrocracker Unit,Mechanical (Static/Vessels),Inspection,Planned,N,Apex Turnaround Services,2023-05-29,2023-06-12,2023-05-29,2023-06-13,253.6,271.2,12,43462.0,45689.0,11373.0,11373.0,Y,N,0.0,Labor Productivity
WO-00494,TAR-2023-HCU,Hydrocracker Unit,Mechanical (Rotating),Inspection,Emergent,N,Apex Turnaround Services,2023-05-21,2023-05-23,2023-05-21,2023-05-24,27.7,48.3,8,4861.0,8003.0,1051.0,1359.0,N,N,0.0,Scope Growth / Discovery
WO-00495,TAR-2023-HCU,Hydrocracker Unit,Instrumentation,Inspection,Planned,N,Northgate Industrial,2023-05-15,2023-07-05,2023-05-16,2023-07-06,539.9,521.1,12,81809.0,79419.0,13175.0,13175.0,Y,N,0.0,On Plan
WO-00496,TAR-2023-HCU,Hydrocracker Unit,Mechanical (Static/Vessels),Inspection,Planned,Y,Sterling TAR Contractors,2023-05-09,2023-05-11,2023-05-09,2023-05-11,22.914511190450394,24.8,11,3836.0,4076.0,913.0,913.0,Y,N,0.0,Labor Productivity
WO-00497,TAR-2023-HCU,Hydrocracker Unit,Piping,Overhaul,Planned,N,Northgate Industrial,2023-06-07,2023-06-11,2023-06-08,2023-06-12,49.7,54.4,7,5133.0,5580.0,411.0,411.0,Y,N,0.0,Inspection Hold
WO-00498,TAR-2023-HCU,Hydrocracker Unit,Valves,Cleaning,Discovery,N,Northgate Industrial,2023-05-20,2023-06-18,2023-05-20,2023-06-24,244.4,295.8,11,38937.0,46852.0,11464.0,13601.0,N,N,0.0,Scope Growth / Discovery
WO-00499,TAR-2023-HCU,Hydrocracker Unit,Instrumentation,Inspection,Planned,N,Apex Turnaround Services,2023-05-18,2023-06-17,2023-05-19,2023-06-25,301.6,368.4,3,41224.0,49952.0,1818.0,1818.0,Y,N,0.0,Labor Productivity
WO-00500,TAR-2023-HCU,Hydrocracker Unit,Mechanical (Rotating),Repair,Discovery,N,Sterling TAR Contractors,2023-05-29,2023-05-31,2023-05-30,2023-06-03,28.4,53.9,2,5437.0,9230.0,1212.0,1212.0,Y,N,0.0,Scope Growth / Discovery
WO-00501,TAR-2023-HCU,Hydrocracker Unit,Insulation,Overhaul,Planned,N,In-House Maintenance,2023-05-08,2023-05-12,2023-05-09,2023-05-13,56.5,55.0,13,5898.0,5795.0,1998.0,1998.0,Y,N,0.0,On Plan
WO-00502,TAR-2023-HCU,Hydrocracker Unit,Piping,Replacement,Discovery,Y,Northgate Industrial,2023-05-25,2023-05-31,2023-05-26,2023-06-02,97.55408196018318,112.7,2,14150.0,15534.0,5230.0,5230.0,Y,N,0.0,Scope Growth / Discovery
WO-00503,TAR-2023-HCU,Hydrocracker Unit,Electrical,Repair,Planned,Y,Northgate Industrial,2023-05-09,2023-05-21,2023-05-10,2023-05-23,211.55592226303227,233.4,4,31561.0,34359.0,4469.0,4469.0,Y,N,0.0,Labor Productivity
WO-00504,TAR-2023-HCU,Hydrocracker Unit,Inspection/NDT,Cleaning,Planned,Y,Delta Mechanical Ltd,2023-05-08,2023-05-10,2023-05-09,2023-05-11,30.57903580789156,35.2,9,5147.0,5893.0,207.0,207.0,Y,N,0.0,Permit / Isolation Wait
WO-00505,TAR-2023-HCU,Hydrocracker Unit,Mechanical (Static/Vessels),Overhaul,Planned,N,Northgate Industrial,2023-05-28,2023-05-30,2023-05-29,2023-05-31,35.1,37.1,11,5781.0,6040.0,1240.0,1240.0,Y,N,0.0,Inspection Hold
WO-00506,TAR-2023-HCU,Hydrocracker Unit,Scaffolding,Repair,Planned,N,Apex Turnaround Services,2023-05-09,2023-05-10,2023-05-09,2023-05-10,9.4,10.2,3,836.0,894.0,150.0,150.0,Y,N,0.0,Permit / Isolation Wait
WO-00507,TAR-2023-HCU,Hydrocracker Unit,Piping,Cleaning,Emergent,N,Delta Mechanical Ltd,2023-05-08,2023-05-12,2023-05-08,2023-05-16,74.8,150.8,4,11140.0,18804.0,4101.0,4614.0,N,N,0.0,Scope Growth / Discovery
WO-00508,TAR-2023-HCU,Hydrocracker Unit,Scaffolding,Cleaning,Planned,N,In-House Maintenance,2023-05-30,2023-06-01,2023-05-30,2023-06-01,31.9,35.2,5,3024.0,3263.0,711.0,711.0,Y,N,0.0,Labor Productivity
WO-00509,TAR-2023-HCU,Hydrocracker Unit,Civil,Inspection,Discovery,Y,Delta Mechanical Ltd,2023-06-03,2023-06-08,2023-06-03,2023-06-12,53.331900222023116,97.1,3,5922.0,10192.0,1356.0,1879.0,N,N,0.0,Scope Growth / Discovery
WO-00510,TAR-2023-HCU,Hydrocracker Unit,Valves,Inspection,Emergent,N,Apex Turnaround Services,2023-05-13,2023-05-15,2023-05-13,2023-05-18,24.4,55.4,11,3931.0,7601.0,1138.0,1260.0,N,N,0.0,Scope Growth / Discovery
WO-00511,TAR-2023-HCU,Hydrocracker Unit,Mechanical (Static/Vessels),Replacement,Planned,N,In-House Maintenance,2023-05-29,2023-06-07,2023-05-29,2023-06-11,116.8,171.4,5,20667.0,28687.0,5626.0,6615.0,N,N,0.0,Material Delay
WO-00512,TAR-2023-HCU,Hydrocracker Unit,Piping,Overhaul,Discovery,Y,In-House Maintenance,2023-06-02,2023-06-14,2023-06-02,2023-06-25,160.49638682162308,310.2,9,23124.0,37343.0,7880.0,7880.0,Y,N,15.3,Scope Growth / Discovery
WO-00513,TAR-2023-HCU,Hydrocracker Unit,Valves,Replacement,Planned,N,Sterling TAR Contractors,2023-06-07,2023-07-07,2023-06-07,2023-07-07,565.2,528.7,2,81104.0,76937.0,16577.0,16577.0,Y,N,2.8,On Plan
WO-00514,TAR-2023-HCU,Hydrocracker Unit,Piping,Cleaning,Planned,N,Apex Turnaround Services,2023-05-12,2023-05-23,2023-05-13,2023-05-26,149.9,183.7,5,22515.0,25911.0,7457.0,7457.0,Y,N,0.0,Labor Productivity
WO-00515,TAR-2023-HCU,Hydrocracker Unit,Insulation,Inspection,Planned,N,Northgate Industrial,2023-05-25,2023-05-27,2023-05-25,2023-05-27,39.8,45.0,10,3407.0,3759.0,713.0,713.0,Y,N,3.2,Safety Stand-down
WO-00516,TAR-2023-HCU,Hydrocracker Unit,Piping,Overhaul,Planned,Y,In-House Maintenance,2023-05-31,2023-06-17,2023-06-01,2023-06-19,203.05377641581725,210.7,2,22627.0,23337.0,3786.0,3786.0,Y,N,0.0,On Plan
WO-00517,TAR-2023-HCU,Hydrocracker Unit,Piping,Replacement,Planned,N,In-House Maintenance,2023-05-10,2023-05-15,2023-05-10,2023-05-15,41.3,43.4,6,5838.0,6046.0,1741.0,1741.0,Y,N,0.0,Permit / Isolation Wait
WO-00518,TAR-2023-HCU,Hydrocracker Unit,Valves,Cleaning,Discovery,N,Northgate Industrial,2023-05-28,2023-06-06,2023-05-29,2023-06-10,152.8,199.0,3,18015.0,23100.0,1198.0,1198.0,Y,N,0.0,Scope Growth / Discovery
WO-00519,TAR-2023-HCU,Hydrocracker Unit,Insulation,Repair,Planned,N,Sterling TAR Contractors,2023-05-25,2023-05-31,2023-05-26,2023-06-02,68.7,83.8,10,6118.0,7157.0,1393.0,1393.0,Y,N,0.0,Labor Productivity
WO-00520,TAR-2023-HCU,Hydrocracker Unit,Scaffolding,Inspection,Planned,N,Northgate Industrial,2023-06-08,2023-06-17,2023-06-08,2023-06-22,87.0,131.8,5,10813.0,15127.0,4323.0,5294.0,N,N,0.0,Material Delay
WO-00521,TAR-2023-HCU,Hydrocracker Unit,Electrical,Replacement,Discovery,N,Sterling TAR Contractors,2023-05-28,2023-06-02,2023-05-29,2023-06-03,103.6,106.8,4,13281.0,13835.0,756.0,923.0,N,N,0.0,On Plan
WO-00522,TAR-2023-HCU,Hydrocracker Unit,Scaffolding,Overhaul,Planned,N,Northgate Industrial,2023-05-09,2023-05-14,2023-05-10,2023-05-16,69.9,89.1,9,6962.0,8394.0,1748.0,1748.0,Y,N,0.0,Labor Productivity
WO-00523,TAR-2023-HCU,Hydrocracker Unit,Mechanical (Static/Vessels),Overhaul,Emergent,N,In-House Maintenance,2023-05-26,2023-05-29,2023-05-26,2023-05-29,43.3,45.8,7,6419.0,7035.0,1304.0,1625.0,N,N,0.0,Scope Growth / Discovery
WO-00524,TAR-2023-HCU,Hydrocracker Unit,Instrumentation,Cleaning,Planned,N,In-House Maintenance,2023-06-03,2023-06-21,2023-06-03,2023-06-21,167.3,167.1,2,26385.0,26357.0,2932.0,2932.0,Y,N,0.0,On Plan
WO-00525,TAR-2023-HCU,Hydrocracker Unit,Instrumentation,Repair,Discovery,N,Apex Turnaround Services,2023-05-27,2023-06-02,2023-05-28,2023-06-11,88.6,207.8,9,16550.0,33802.0,4585.0,5739.0,N,N,0.0,Scope Growth / Discovery
WO-00526,TAR-2023-HCU,Hydrocracker Unit,Piping,Cleaning,Planned,N,Northgate Industrial,2023-06-01,2023-06-06,2023-06-01,2023-06-06,43.3,40.3,10,5386.0,5105.0,1335.0,1335.0,Y,N,0.0,On Plan
WO-00527,TAR-2023-HCU,Hydrocracker Unit,Piping,Inspection,Emergent,N,Delta Mechanical Ltd,2023-05-11,2023-05-16,2023-05-12,2023-05-18,70.5,83.0,5,7331.0,8554.0,437.0,437.0,Y,N,0.0,Scope Growth / Discovery
WO-00528,TAR-2023-HCU,Hydrocracker Unit,Valves,Overhaul,Planned,N,Apex Turnaround Services,2023-05-30,2023-06-06,2023-05-31,2023-06-11,117.9,182.6,5,14695.0,21996.0,2295.0,2792.0,N,N,0.0,Material Delay
WO-00529,TAR-2023-HCU,Hydrocracker Unit,Piping,Inspection,Discovery,N,In-House Maintenance,2023-05-14,2023-05-17,2023-05-14,2023-05-17,58.2,55.6,6,7406.0,7796.0,1984.0,2616.0,N,N,0.0,On Plan
WO-00530,TAR-2023-HCU,Hydrocracker Unit,Mechanical (Rotating),Overhaul,Planned,N,Northgate Industrial,2023-05-22,2023-06-01,2023-05-23,2023-06-03,189.6,208.9,7,30903.0,33693.0,3490.0,3490.0,Y,N,0.0,Inspection Hold
WO-00531,TAR-2023-HCU,Hydrocracker Unit,Insulation,Replacement,Discovery,N,Apex Turnaround Services,2023-05-24,2023-05-31,2023-05-25,2023-06-11,72.6,175.7,10,6207.0,13776.0,1015.0,1210.0,N,N,12.9,Scope Growth / Discovery
WO-00532,TAR-2023-HCU,Hydrocracker Unit,Inspection/NDT,Overhaul,Planned,N,In-House Maintenance,2023-05-30,2023-05-31,2023-05-30,2023-06-01,10.5,15.8,11,1787.0,2641.0,144.0,169.0,N,N,0.0,Material Delay
WO-00533,TAR-2023-HCU,Hydrocracker Unit,Valves,Inspection,Emergent,N,Apex Turnaround Services,2023-05-26,2023-05-30,2023-05-26,2023-05-31,68.8,92.6,3,11459.0,14868.0,3513.0,4173.0,N,N,0.0,Scope Growth / Discovery
WO-00534,TAR-2023-HCU,Hydrocracker Unit,Piping,Inspection,Planned,N,Sterling TAR Contractors,2023-05-21,2023-05-27,2023-05-22,2023-05-29,79.5,87.6,2,11094.0,11907.0,3116.0,3116.0,Y,N,0.0,Permit / Isolation Wait
WO-00535,TAR-2023-HCU,Hydrocracker Unit,Mechanical (Rotating),Repair,Discovery,N,Apex Turnaround Services,2023-06-03,2023-06-06,2023-06-03,2023-06-07,31.1,41.7,7,5470.0,7035.0,880.0,880.0,Y,N,0.0,Scope Growth / Discovery
WO-00536,TAR-2023-HCU,Hydrocracker Unit,Mechanical (Rotating),Overhaul,Discovery,N,Delta Mechanical Ltd,2023-05-13,2023-05-16,2023-05-14,2023-05-23,60.8,179.1,2,10225.0,27448.0,1492.0,1724.0,N,N,0.0,Scope Growth / Discovery
WO-00537,TAR-2023-HCU,Hydrocracker Unit,Valves,Replacement,Planned,N,Northgate Industrial,2023-05-17,2023-05-25,2023-05-17,2023-05-25,154.1,129.9,12,18975.0,16226.0,1470.0,1470.0,Y,N,0.0,On Plan
WO-00538,TAR-2023-HCU,Hydrocracker Unit,Valves,Cleaning,Planned,N,Delta Mechanical Ltd,2023-06-05,2023-06-11,2023-06-06,2023-06-15,106.2,152.9,10,13700.0,19019.0,2384.0,2727.0,N,N,0.0,Material Delay
WO-00539,TAR-2023-HCU,Hydrocracker Unit,Piping,Overhaul,Planned,N,Delta Mechanical Ltd,2023-05-14,2023-05-18,2023-05-14,2023-05-18,64.8,55.3,7,9856.0,8910.0,3402.0,3402.0,Y,N,0.0,On Plan
WO-00540,TAR-2023-HCU,Hydrocracker Unit,Electrical,Cleaning,Planned,N,Northgate Industrial,2023-05-31,2023-06-03,2023-05-31,2023-06-03,46.3,43.6,9,6317.0,5974.0,435.0,435.0,Y,N,0.0,On Plan
WO-00541,TAR-2023-HCU,Hydrocracker Unit,Piping,Cleaning,Planned,N,In-House Maintenance,2023-05-26,2023-06-02,2023-05-27,2023-06-03,98.4,100.1,4,12578.0,12749.0,2688.0,2688.0,Y,N,0.0,On Plan
WO-00542,TAR-2023-HCU,Hydrocracker Unit,Inspection/NDT,Inspection,Planned,N,Northgate Industrial,2023-05-25,2023-06-08,2023-05-25,2023-06-11,117.3,139.3,10,24350.0,27818.0,5857.0,5857.0,Y,N,0.0,Permit / Isolation Wait
WO-00543,TAR-2023-HCU,Hydrocracker Unit,Catalyst Handling,Repair,Planned,N,Apex Turnaround Services,2023-05-13,2023-05-22,2023-05-13,2023-05-23,109.6,122.7,5,15122.0,16578.0,2939.0,2939.0,Y,N,0.0,Permit / Isolation Wait
WO-00544,TAR-2023-HCU,Hydrocracker Unit,Instrumentation,Cleaning,Planned,N,Delta Mechanical Ltd,2023-06-03,2023-06-11,2023-06-03,2023-06-12,144.2,165.7,2,22317.0,25063.0,3901.0,3901.0,Y,N,0.0,Permit / Isolation Wait
WO-00545,TAR-2023-HCU,Hydrocracker Unit,Piping,Repair,Planned,N,Northgate Industrial,2023-05-10,2023-05-20,2023-05-10,2023-05-20,87.4,77.9,12,12510.0,11551.0,3684.0,3684.0,Y,N,0.0,On Plan
WO-00546,TAR-2023-HCU,Hydrocracker Unit,Insulation,Overhaul,Discovery,N,In-House Maintenance,2023-05-10,2023-05-14,2023-05-11,2023-05-19,70.1,135.8,6,6136.0,10735.0,1427.0,1613.0,N,N,0.0,Scope Growth / Discovery
WO-00547,TAR-2023-HCU,Hydrocracker Unit,Inspection/NDT,Inspection,Planned,N,Northgate Industrial,2023-06-07,2023-06-08,2023-06-07,2023-06-08,15.9,16.8,7,2986.0,3260.0,506.0,640.0,N,N,0.0,Material Delay
WO-00548,TAR-2023-HCU,Hydrocracker Unit,Piping,Inspection,Discovery,N,In-House Maintenance,2023-06-06,2023-06-22,2023-06-06,2023-06-27,204.7,269.8,9,26803.0,34636.0,6308.0,7623.0,N,N,0.0,Scope Growth / Discovery
WO-00549,TAR-2023-HCU,Hydrocracker Unit,Instrumentation,Replacement,Discovery,N,Apex Turnaround Services,2023-06-06,2023-06-15,2023-06-06,2023-06-21,161.0,267.9,8,27084.0,42045.0,4553.0,4553.0,Y,N,2.7,Scope Growth / Discovery
WO-00550,TAR-2023-HCU,Hydrocracker Unit,Catalyst Handling,Repair,Planned,N,Apex Turnaround Services,2023-05-20,2023-05-30,2023-05-21,2023-06-02,160.2,199.5,13,24300.0,30004.0,7791.0,9445.0,N,N,0.0,Material Delay
WO-00551,TAR-2023-HCU,Hydrocracker Unit,Mechanical (Static/Vessels),Inspection,Discovery,Y,Sterling TAR Contractors,2023-06-07,2023-06-11,2023-06-08,2023-06-12,72.69798926106373,54.2,11,11793.0,9494.0,2760.0,2760.0,Y,N,0.0,On Plan
WO-00552,TAR-2023-HCU,Hydrocracker Unit,Inspection/NDT,Replacement,Discovery,Y,Delta Mechanical Ltd,2023-06-03,2023-06-09,2023-06-04,2023-06-15,95.16140260008865,178.2,6,15430.0,28266.0,1148.0,1521.0,N,N,0.0,Scope Growth / Discovery
WO-00553,TAR-2023-HCU,Hydrocracker Unit,Insulation,Repair,Planned,N,Sterling TAR Contractors,2023-06-09,2023-06-11,2023-06-10,2023-06-12,35.0,37.2,8,4288.0,4445.0,1793.0,1793.0,Y,N,0.0,Inspection Hold
WO-00554,TAR-2023-HCU,Hydrocracker Unit,Valves,Overhaul,Emergent,N,Sterling TAR Contractors,2023-06-08,2023-06-12,2023-06-08,2023-06-17,50.8,109.8,12,6750.0,13637.0,1000.0,1208.0,N,N,0.0,Scope Growth / Discovery
WO-00555,TAR-2023-HCU,Hydrocracker Unit,Piping,Inspection,Planned,N,Delta Mechanical Ltd,2023-05-13,2023-05-15,2023-05-13,2023-05-16,37.1,48.6,11,5119.0,6594.0,1611.0,1998.0,N,N,0.0,Material Delay
WO-00556,TAR-2023-HCU,Hydrocracker Unit,Mechanical (Rotating),Inspection,Discovery,N,Northgate Industrial,2023-05-27,2023-06-03,2023-05-27,2023-06-03,128.3,130.2,10,19633.0,20372.0,1627.0,2099.0,N,N,0.0,On Plan
WO-00557,TAR-2023-HCU,Hydrocracker Unit,Electrical,Inspection,Planned,N,Sterling TAR Contractors,2023-05-21,2023-05-28,2023-05-22,2023-05-31,127.7,161.0,5,20336.0,24537.0,4226.0,4226.0,Y,N,0.0,Inspection Hold
WO-00558,TAR-2023-HCU,Hydrocracker Unit,Instrumentation,Cleaning,Planned,N,Apex Turnaround Services,2023-05-29,2023-06-08,2023-05-30,2023-06-11,86.7,106.3,2,12632.0,15124.0,1609.0,1609.0,Y,N,0.0,Permit / Isolation Wait
WO-00559,TAR-2023-HCU,Hydrocracker Unit,Valves,Repair,Planned,N,Delta Mechanical Ltd,2023-06-04,2023-06-08,2023-06-05,2023-06-10,47.9,60.6,10,5703.0,7088.0,482.0,482.0,Y,N,0.0,Inspection Hold
WO-00560,TAR-2023-HCU,Hydrocracker Unit,Inspection/NDT,Cleaning,Discovery,N,Northgate Industrial,2023-05-20,2023-05-22,2023-05-21,2023-05-24,44.9,73.7,3,7601.0,12206.0,614.0,738.0,N,N,13.4,Scope Growth / Discovery
WO-00561,TAR-2023-HCU,Hydrocracker Unit,Inspection/NDT,Cleaning,Planned,N,Apex Turnaround Services,2023-05-22,2023-06-03,2023-05-23,2023-06-07,199.9,253.4,12,33888.0,41685.0,4756.0,4756.0,Y,N,0.0,Labor Productivity
WO-00562,TAR-2023-HCU,Hydrocracker Unit,Valves,Repair,Planned,Y,In-House Maintenance,2023-05-19,2023-05-20,2023-05-19,2023-05-20,13.690290416294742,10.8,11,2289.0,1952.0,690.0,690.0,Y,N,0.0,On Plan
WO-00563,TAR-2023-HCU,Hydrocracker Unit,Mechanical (Static/Vessels),Inspection,Discovery,Y,Apex Turnaround Services,2023-05-14,2023-05-20,2023-05-14,2023-05-27,66.32029930421129,144.9,10,9012.0,18196.0,1260.0,1260.0,Y,N,14.7,Scope Growth / Discovery
WO-00564,TAR-2023-HCU,Hydrocracker Unit,Mechanical (Static/Vessels),Inspection,Emergent,N,Sterling TAR Contractors,2023-06-04,2023-06-09,2023-06-04,2023-06-17,72.6,184.7,4,11888.0,26611.0,2569.0,2902.0,N,N,0.0,Scope Growth / Discovery
WO-00565,TAR-2023-HCU,Hydrocracker Unit,Mechanical (Rotating),Repair,Planned,N,Sterling TAR Contractors,2023-05-15,2023-05-21,2023-05-15,2023-05-22,91.4,111.2,12,16161.0,18830.0,3842.0,3842.0,Y,N,0.0,Labor Productivity
WO-00566,TAR-2023-HCU,Hydrocracker Unit,Mechanical (Rotating),Replacement,Planned,N,In-House Maintenance,2023-05-25,2023-05-26,2023-05-25,2023-05-26,21.0,22.3,12,3910.0,4095.0,917.0,917.0,Y,N,0.0,Labor Productivity
WO-00567,TAR-2023-HCU,Hydrocracker Unit,Valves,Repair,Planned,N,In-House Maintenance,2023-05-27,2023-05-31,2023-05-28,2023-06-01,40.2,42.2,8,5137.0,5534.0,511.0,678.0,N,N,0.0,On Plan
WO-00568,TAR-2023-HCU,Hydrocracker Unit,Inspection/NDT,Repair,Discovery,N,Sterling TAR Contractors,2023-05-31,2023-06-04,2023-06-01,2023-06-06,81.3,98.9,7,13919.0,16595.0,1561.0,1561.0,Y,N,0.0,Scope Growth / Discovery
WO-00569,TAR-2023-HCU,Hydrocracker Unit,Mechanical (Static/Vessels),Replacement,Planned,N,Delta Mechanical Ltd,2023-06-05,2023-06-11,2023-06-05,2023-06-12,58.9,68.5,5,8360.0,9473.0,1529.0,1529.0,Y,N,0.0,Labor Productivity
WO-00570,TAR-2023-HCU,Hydrocracker Unit,Valves,Repair,Planned,N,Northgate Industrial,2023-06-09,2023-06-13,2023-06-10,2023-06-15,59.2,72.5,4,9701.0,11229.0,2897.0,2897.0,Y,N,0.0,Permit / Isolation Wait
WO-00571,TAR-2023-HCU,Hydrocracker Unit,Catalyst Handling,Cleaning,Emergent,N,Delta Mechanical Ltd,2023-05-13,2023-05-16,2023-05-14,2023-05-20,55.7,109.6,4,6194.0,11827.0,373.0,373.0,Y,N,0.0,Scope Growth / Discovery
WO-00572,TAR-2023-HCU,Hydrocracker Unit,Piping,Inspection,Planned,N,Delta Mechanical Ltd,2023-05-24,2023-05-28,2023-05-25,2023-05-31,44.5,72.3,7,4836.0,7531.0,800.0,974.0,N,N,0.0,Material Delay
WO-00573,TAR-2023-HCU,Hydrocracker Unit,Mechanical (Static/Vessels),Replacement,Planned,N,Northgate Industrial,2023-05-12,2023-05-23,2023-05-13,2023-05-28,99.1,132.9,11,17174.0,21911.0,5075.0,5685.0,N,N,0.0,Material Delay
WO-00574,TAR-2023-HCU,Hydrocracker Unit,Piping,Overhaul,Discovery,N,Delta Mechanical Ltd,2023-05-09,2023-05-18,2023-05-09,2023-05-29,144.8,327.6,7,18711.0,35888.0,5105.0,5105.0,Y,Y,0.0,Scope Growth / Discovery
WO-00575,TAR-2023-HCU,Hydrocracker Unit,Piping,Repair,Planned,N,In-House Maintenance,2023-05-22,2023-06-02,2023-05-22,2023-06-02,107.2,99.8,13,15191.0,14446.0,4406.0,4406.0,Y,N,0.0,On Plan
WO-00576,TAR-2023-HCU,Hydrocracker Unit,Electrical,Replacement,Planned,N,Apex Turnaround Services,2023-05-29,2023-06-02,2023-05-30,2023-06-03,56.2,56.2,11,9940.0,9940.0,2401.0,2401.0,Y,N,0.0,On Plan
WO-00577,TAR-2023-HCU,Hydrocracker Unit,Civil,Replacement,Discovery,Y,Sterling TAR Contractors,2023-05-24,2023-08-06,2023-05-24,2023-09-12,882.2755793573502,1324.9,5,107184.0,155097.0,37943.0,51119.0,N,Y,0.0,Scope Growth / Discovery
WO-00578,TAR-2023-HCU,Hydrocracker Unit,Mechanical (Static/Vessels),Cleaning,Planned,N,Delta Mechanical Ltd,2023-05-30,2023-06-04,2023-05-30,2023-06-09,76.3,158.6,9,10245.0,20887.0,478.0,584.0,N,Y,0.0,Material Delay
WO-00579,TAR-2023-HCU,Hydrocracker Unit,Scaffolding,Repair,Discovery,N,Apex Turnaround Services,2023-06-05,2023-06-09,2023-06-06,2023-06-13,36.3,64.7,10,3948.0,5998.0,1328.0,1328.0,Y,Y,0.0,Scope Growth / Discovery
WO-00580,TAR-2023-HCU,Hydrocracker Unit,Mechanical (Static/Vessels),Repair,Planned,N,Sterling TAR Contractors,2023-05-31,2023-06-27,2023-06-01,2023-07-04,371.4,458.9,11,56293.0,66805.0,11671.0,11671.0,Y,N,15.8,Safety Stand-down
WO-00581,TAR-2023-HCU,Hydrocracker Unit,Insulation,Inspection,Planned,N,Northgate Industrial,2023-06-09,2023-06-17,2023-06-10,2023-06-18,66.3,64.0,12,6330.0,6170.0,1713.0,1713.0,Y,N,0.0,On Plan
WO-00582,TAR-2023-HCU,Hydrocracker Unit,Mechanical (Rotating),Cleaning,Discovery,N,Sterling TAR Contractors,2023-05-29,2023-06-05,2023-05-29,2023-06-09,95.4,144.5,10,18599.0,25851.0,4509.0,4509.0,Y,N,0.0,Scope Growth / Discovery
WO-00583,TAR-2023-HCU,Hydrocracker Unit,Piping,Repair,Discovery,N,Sterling TAR Contractors,2023-05-14,2023-05-19,2023-05-14,2023-05-22,68.1,103.3,7,9886.0,13320.0,3241.0,3241.0,Y,N,0.0,Scope Growth / Discovery
WO-00584,TAR-2023-HCU,Hydrocracker Unit,Mechanical (Static/Vessels),Cleaning,Planned,N,Northgate Industrial,2023-05-26,2023-06-05,2023-05-27,2023-06-08,142.5,173.1,11,22226.0,25819.0,5494.0,5494.0,Y,N,0.0,Permit / Isolation Wait
WO-00585,TAR-2023-HCU,Hydrocracker Unit,Piping,Cleaning,Planned,N,In-House Maintenance,2023-06-01,2023-07-18,2023-06-02,2023-07-19,429.5,342.7,3,53378.0,45136.0,12596.0,12596.0,Y,N,0.0,On Plan
WO-00586,TAR-2023-HCU,Hydrocracker Unit,Mechanical (Rotating),Inspection,Planned,N,Sterling TAR Contractors,2023-05-18,2023-06-03,2023-05-18,2023-06-05,188.5,211.7,9,29811.0,32958.0,4244.0,4244.0,Y,N,0.0,Labor Productivity
WO-00587,TAR-2023-HCU,Hydrocracker Unit,Electrical,Replacement,Planned,N,Apex Turnaround Services,2023-05-24,2023-06-01,2023-05-24,2023-06-01,133.7,138.7,10,21084.0,21717.0,4149.0,4149.0,Y,N,0.0,On Plan
WO-00588,TAR-2023-HCU,Hydrocracker Unit,Insulation,Repair,Emergent,N,Delta Mechanical Ltd,2023-05-14,2023-05-15,2023-05-15,2023-05-17,17.4,26.2,8,1497.0,2109.0,286.0,286.0,Y,N,0.0,Scope Growth / Discovery
WO-00589,TAR-2023-HCU,Hydrocracker Unit,Mechanical (Static/Vessels),Repair,Emergent,N,Northgate Industrial,2023-05-29,2023-06-03,2023-05-29,2023-06-06,95.4,155.7,8,12464.0,19587.0,1581.0,1824.0,N,N,0.0,Scope Growth / Discovery
WO-00590,TAR-2023-HCU,Hydrocracker Unit,Piping,Overhaul,Planned,N,In-House Maintenance,2023-05-25,2023-06-04,2023-05-26,2023-06-05,164.0,127.1,12,18783.0,15333.0,3449.0,3449.0,Y,N,0.0,On Plan
WO-00591,TAR-2023-HCU,Hydrocracker Unit,Scaffolding,Cleaning,Discovery,N,Delta Mechanical Ltd,2023-05-28,2023-06-07,2023-05-29,2023-06-19,182.1,391.0,5,21304.0,35864.0,8612.0,8612.0,Y,N,0.0,Scope Growth / Discovery
WO-00592,TAR-2023-HCU,Hydrocracker Unit,Instrumentation,Replacement,Planned,N,In-House Maintenance,2023-05-11,2023-05-13,2023-05-12,2023-05-14,40.5,49.4,12,7417.0,8573.0,2157.0,2157.0,Y,N,0.0,Permit / Isolation Wait
WO-00593,TAR-2023-HCU,Hydrocracker Unit,Scaffolding,Replacement,Discovery,N,In-House Maintenance,2023-06-09,2023-06-13,2023-06-10,2023-06-15,58.9,78.6,11,6126.0,7457.0,2148.0,2148.0,Y,N,0.0,Scope Growth / Discovery
WO-00594,TAR-2023-HCU,Hydrocracker Unit,Civil,Replacement,Planned,N,Northgate Industrial,2023-05-08,2023-05-19,2023-05-09,2023-05-23,115.8,145.8,2,12044.0,15212.0,2633.0,3363.0,N,N,0.0,Material Delay
WO-00595,TAR-2023-HCU,Hydrocracker Unit,Mechanical (Rotating),Inspection,Planned,N,In-House Maintenance,2023-05-29,2023-06-08,2023-05-29,2023-06-10,101.0,124.6,10,18452.0,21898.0,3702.0,3702.0,Y,N,0.0,Inspection Hold
WO-00596,TAR-2023-HCU,Hydrocracker Unit,Instrumentation,Repair,Planned,N,Northgate Industrial,2023-05-23,2023-05-28,2023-05-23,2023-05-28,87.9,95.0,13,16789.0,17767.0,4681.0,4681.0,Y,N,0.0,Inspection Hold
WO-00597,TAR-2023-HCU,Hydrocracker Unit,Valves,Inspection,Discovery,N,Apex Turnaround Services,2023-05-10,2023-05-14,2023-05-10,2023-05-19,48.5,112.2,9,5947.0,12919.0,791.0,991.0,N,N,0.0,Scope Growth / Discovery
WO-00598,TAR-2023-HCU,Hydrocracker Unit,Valves,Inspection,Emergent,N,Sterling TAR Contractors,2023-05-09,2023-05-17,2023-05-10,2023-05-30,94.5,235.6,4,15071.0,31186.0,4699.0,5327.0,N,N,0.0,Scope Growth / Discovery
WO-00599,TAR-2023-HCU,Hydrocracker Unit,Valves,Overhaul,Planned,N,Delta Mechanical Ltd,2023-05-08,2023-05-18,2023-05-09,2023-05-23,137.2,193.6,6,20984.0,27369.0,5452.0,5452.0,Y,N,0.0,Permit / Isolation Wait
WO-00600,TAR-2023-HCU,Hydrocracker Unit,Electrical,Replacement,Planned,Y,Northgate Industrial,2023-05-30,2023-06-04,2023-05-30,2023-06-05,57.857216616067845,71.8,10,10044.0,11996.0,2610.0,2771.0,N,N,0.0,Material Delay
WO-00601,TAR-2023-HCU,Hydrocracker Unit,Piping,Repair,Emergent,Y,Apex Turnaround Services,2023-06-05,2023-06-08,2023-06-06,2023-06-09,50.81258590219223,44.9,10,7542.0,6937.0,2338.0,2338.0,Y,N,0.0,On Plan
WO-00602,TAR-2023-HCU,Hydrocracker Unit,Catalyst Handling,Cleaning,Planned,N,Sterling TAR Contractors,2023-06-04,2023-06-09,2023-06-05,2023-06-10,83.0,80.3,4,11520.0,11245.0,3082.0,3082.0,Y,N,0.0,On Plan
WO-00603,TAR-2023-HCU,Hydrocracker Unit,Catalyst Handling,Replacement,Planned,N,Sterling TAR Contractors,2023-05-22,2023-05-25,2023-05-23,2023-05-27,61.8,91.0,11,7160.0,10250.0,622.0,622.0,Y,N,0.0,Permit / Isolation Wait
WO-00604,TAR-2023-HCU,Hydrocracker Unit,Electrical,Inspection,Planned,N,Northgate Industrial,2023-05-29,2023-06-11,2023-05-30,2023-06-13,156.9,165.9,2,23290.0,24472.0,2683.0,2683.0,Y,N,0.0,Labor Productivity
WO-00605,TAR-2023-HCU,Hydrocracker Unit,Mechanical (Static/Vessels),Repair,Planned,N,In-House Maintenance,2023-05-11,2023-05-20,2023-05-12,2023-05-21,95.0,96.4,12,16676.0,16850.0,4858.0,4858.0,Y,N,0.0,On Plan
WO-00606,TAR-2023-HCU,Hydrocracker Unit,Piping,Repair,Planned,N,Delta Mechanical Ltd,2023-05-10,2023-05-26,2023-05-10,2023-05-26,310.7,286.6,5,45016.0,42570.0,13491.0,13491.0,Y,N,0.0,On Plan
WO-00607,TAR-2023-HCU,Hydrocracker Unit,Insulation,Inspection,Planned,N,In-House Maintenance,2023-05-26,2023-06-28,2023-05-26,2023-07-03,459.9,530.9,9,46891.0,52045.0,13505.0,13505.0,Y,N,0.0,Labor Productivity
WO-00608,TAR-2023-HCU,Hydrocracker Unit,Inspection/NDT,Repair,Discovery,N,In-House Maintenance,2023-05-09,2023-05-20,2023-05-10,2023-05-27,152.8,238.5,10,27356.0,40579.0,3781.0,3781.0,Y,N,0.0,Scope Growth / Discovery
WO-00609,TAR-2023-HCU,Hydrocracker Unit,Valves,Overhaul,Planned,Y,In-House Maintenance,2023-06-08,2023-06-15,2023-06-09,2023-06-17,60.9190075788935,68.5,9,7614.0,8453.0,868.0,868.0,Y,N,0.0,Inspection Hold
WO-00610,TAR-2023-HCU,Hydrocracker Unit,Instrumentation,Replacement,Planned,N,Sterling TAR Contractors,2023-05-28,2023-05-31,2023-05-28,2023-06-01,32.2,41.0,2,5862.0,7081.0,1403.0,1403.0,Y,N,0.0,Labor Productivity
WO-00611,TAR-2023-HCU,Hydrocracker Unit,Inspection/NDT,Repair,Planned,N,Northgate Industrial,2023-05-29,2023-07-04,2023-05-29,2023-07-06,590.2,623.0,3,112166.0,117224.0,21150.0,21150.0,Y,N,0.0,Inspection Hold
WO-00612,TAR-2023-HCU,Hydrocracker Unit,Piping,Cleaning,Planned,N,In-House Maintenance,2023-05-22,2023-05-29,2023-05-23,2023-05-30,132.5,137.3,13,19230.0,19675.0,6946.0,6946.0,Y,N,0.0,On Plan
WO-00613,TAR-2023-HCU,Hydrocracker Unit,Inspection/NDT,Repair,Planned,N,Apex Turnaround Services,2023-05-09,2023-05-13,2023-05-09,2023-05-14,48.6,62.7,8,9867.0,12053.0,2333.0,2333.0,Y,N,0.0,Inspection Hold
WO-00614,TAR-2023-HCU,Hydrocracker Unit,Piping,Replacement,Discovery,N,In-House Maintenance,2023-05-11,2023-05-17,2023-05-11,2023-05-20,96.8,151.8,2,10883.0,16273.0,1395.0,1395.0,Y,N,0.0,Scope Growth / Discovery
WO-00615,TAR-2023-HCU,Hydrocracker Unit,Mechanical (Rotating),Replacement,Planned,N,Northgate Industrial,2023-05-08,2023-05-14,2023-05-09,2023-05-18,85.7,132.1,13,15786.0,23684.0,3914.0,5384.0,N,N,0.0,Material Delay
WO-00616,TAR-2023-HCU,Hydrocracker Unit,Mechanical (Rotating),Inspection,Planned,N,Apex Turnaround Services,2023-05-19,2023-05-23,2023-05-20,2023-05-24,68.8,74.0,5,13164.0,13937.0,2946.0,2946.0,Y,N,0.0,Labor Productivity
WO-00617,TAR-2023-HCU,Hydrocracker Unit,Inspection/NDT,Repair,Planned,N,Delta Mechanical Ltd,2023-06-09,2023-06-17,2023-06-10,2023-06-24,67.2,119.6,4,12991.0,21815.0,2739.0,3569.0,N,Y,0.0,Material Delay
WO-00618,TAR-2023-HCU,Hydrocracker Unit,Mechanical (Rotating),Repair,Planned,N,Northgate Industrial,2023-05-17,2023-05-21,2023-05-18,2023-05-24,51.7,72.5,5,8696.0,12091.0,1610.0,2154.0,N,N,0.0,Material Delay
WO-00619,TAR-2023-HCU,Hydrocracker Unit,Instrumentation,Inspection,Planned,N,Delta Mechanical Ltd,2023-05-21,2023-05-27,2023-05-22,2023-06-03,82.6,158.4,4,13898.0,23813.0,3415.0,3709.0,N,Y,0.0,Material Delay
WO-00620,TAR-2023-HCU,Hydrocracker Unit,Mechanical (Rotating),Repair,Planned,N,Delta Mechanical Ltd,2023-05-12,2023-05-17,2023-05-12,2023-05-18,73.6,92.5,3,12866.0,15474.0,2707.0,2707.0,Y,N,15.3,Safety Stand-down
WO-00621,TAR-2023-HCU,Hydrocracker Unit,Insulation,Cleaning,Planned,N,Northgate Industrial,2023-05-13,2023-05-28,2023-05-13,2023-05-30,182.2,205.3,12,19554.0,22422.0,7061.0,8345.0,N,N,0.0,Material Delay
WO-00622,TAR-2023-HCU,Hydrocracker Unit,Inspection/NDT,Inspection,Planned,N,Sterling TAR Contractors,2023-05-21,2023-05-24,2023-05-21,2023-05-24,34.7,37.3,9,5840.0,6216.0,825.0,825.0,Y,N,0.0,Inspection Hold
WO-00623,TAR-2023-HCU,Hydrocracker Unit,Mechanical (Static/Vessels),Replacement,Planned,N,Northgate Industrial,2023-06-03,2023-06-12,2023-06-04,2023-06-14,115.2,134.2,3,18975.0,21171.0,5659.0,5659.0,Y,N,0.0,Permit / Isolation Wait
WO-00624,TAR-2023-HCU,Hydrocracker Unit,Mechanical (Static/Vessels),Repair,Emergent,N,Northgate Industrial,2023-05-27,2023-05-29,2023-05-28,2023-05-31,42.3,56.3,6,6478.0,8111.0,1542.0,1542.0,Y,N,0.0,Scope Growth / Discovery
WO-00625,TAR-2023-HCU,Hydrocracker Unit,Mechanical (Static/Vessels),Overhaul,Planned,N,Sterling TAR Contractors,2023-06-09,2023-06-11,2023-06-09,2023-06-11,33.9,36.7,8,5580.0,5917.0,1492.0,1492.0,Y,N,0.0,Inspection Hold
WO-00626,TAR-2023-HCU,Hydrocracker Unit,Mechanical (Static/Vessels),Cleaning,Planned,N,Apex Turnaround Services,2023-05-18,2023-05-21,2023-05-19,2023-05-22,32.5,37.0,10,5502.0,6062.0,1456.0,1456.0,Y,N,0.0,Permit / Isolation Wait
WO-00627,TAR-2023-HCU,Hydrocracker Unit,Instrumentation,Replacement,Planned,N,Sterling TAR Contractors,2023-05-08,2023-05-21,2023-05-09,2023-05-28,108.0,160.4,4,16099.0,23319.0,2222.0,2709.0,N,N,0.0,Material Delay
WO-00628,TAR-2023-HCU,Hydrocracker Unit,Mechanical (Rotating),Repair,Planned,N,Apex Turnaround Services,2023-05-23,2023-05-31,2023-05-23,2023-05-31,88.6,92.3,3,16463.0,17011.0,3320.0,3320.0,Y,N,9.6,On Plan
WO-00629,TAR-2023-HCU,Hydrocracker Unit,Mechanical (Static/Vessels),Cleaning,Planned,N,Delta Mechanical Ltd,2023-06-02,2023-06-05,2023-06-02,2023-06-06,32.8,41.4,12,5303.0,6301.0,1496.0,1496.0,Y,N,0.0,Labor Productivity
WO-00630,TAR-2023-HCU,Hydrocracker Unit,Scaffolding,Inspection,Discovery,N,In-House Maintenance,2023-05-29,2023-06-11,2023-05-30,2023-06-12,205.8,165.0,3,24480.0,21591.0,9909.0,9909.0,Y,N,0.0,On Plan
WO-00631,TAR-2023-HCU,Hydrocracker Unit,Scaffolding,Repair,Planned,N,Sterling TAR Contractors,2023-05-27,2023-06-01,2023-05-27,2023-06-01,86.5,79.8,6,7560.0,7091.0,1500.0,1500.0,Y,N,0.0,On Plan
WO-00632,TAR-2023-HCU,Hydrocracker Unit,Mechanical (Static/Vessels),Inspection,Discovery,N,In-House Maintenance,2023-05-24,2023-05-30,2023-05-25,2023-06-02,59.4,74.3,6,7733.0,9508.0,658.0,658.0,Y,N,0.0,Scope Growth / Discovery
WO-00633,TAR-2023-HCU,Hydrocracker Unit,Valves,Inspection,Emergent,N,Apex Turnaround Services,2023-05-14,2023-05-24,2023-05-14,2023-06-05,143.5,322.5,2,22976.0,45009.0,6868.0,8808.0,N,N,0.0,Scope Growth / Discovery
WO-00634,TAR-2023-HCU,Hydrocracker Unit,Valves,Cleaning,Planned,N,In-House Maintenance,2023-05-23,2023-06-01,2023-05-23,2023-06-04,104.0,136.7,7,15029.0,18587.0,3712.0,3712.0,Y,N,0.0,Inspection Hold
WO-00635,TAR-2023-HCU,Hydrocracker Unit,Instrumentation,Inspection,Emergent,N,Apex Turnaround Services,2023-05-21,2023-05-26,2023-05-21,2023-06-05,54.0,166.2,9,8488.0,23039.0,1565.0,1731.0,N,N,0.0,Scope Growth / Discovery
WO-00636,TAR-2023-HCU,Hydrocracker Unit,Electrical,Repair,Planned,N,Delta Mechanical Ltd,2023-05-20,2023-05-25,2023-05-21,2023-05-28,85.0,110.5,12,13887.0,17090.0,3210.0,3210.0,Y,N,0.0,Inspection Hold
WO-00637,TAR-2023-HCU,Hydrocracker Unit,Insulation,Replacement,Planned,N,Sterling TAR Contractors,2023-05-20,2023-05-24,2023-05-20,2023-05-24,71.5,72.0,9,7071.0,7106.0,2100.0,2100.0,Y,N,0.0,On Plan
WO-00638,TAR-2023-HCU,Hydrocracker Unit,Electrical,Overhaul,Discovery,N,Northgate Industrial,2023-05-22,2023-05-24,2023-05-22,2023-05-25,31.6,42.2,7,5165.0,6426.0,1408.0,1408.0,Y,N,0.0,Scope Growth / Discovery
WO-00639,TAR-2023-HCU,Hydrocracker Unit,Valves,Repair,Planned,N,Northgate Industrial,2023-05-14,2023-05-20,2023-05-14,2023-05-20,92.7,97.4,13,12743.0,13252.0,2701.0,2701.0,Y,N,0.0,Labor Productivity
WO-00640,TAR-2023-HCU,Hydrocracker Unit,Mechanical (Static/Vessels),Cleaning,Emergent,N,Northgate Industrial,2023-06-04,2023-06-07,2023-06-04,2023-06-10,42.5,89.8,10,5417.0,11069.0,451.0,577.0,N,N,0.0,Scope Growth / Discovery
WO-00641,TAR-2023-HCU,Hydrocracker Unit,Piping,Inspection,Planned,N,Sterling TAR Contractors,2023-06-07,2023-06-10,2023-06-08,2023-06-11,43.4,40.1,11,6080.0,5750.0,1731.0,1731.0,Y,N,0.0,On Plan
WO-00642,TAR-2023-HCU,Hydrocracker Unit,Valves,Replacement,Planned,N,Apex Turnaround Services,2023-06-03,2023-06-08,2023-06-03,2023-06-08,78.0,73.7,12,9774.0,9294.0,1051.0,1051.0,Y,N,0.0,On Plan
WO-00643,TAR-2023-HCU,Hydrocracker Unit,Piping,Inspection,Planned,N,Northgate Industrial,2023-05-29,2023-06-02,2023-05-29,2023-06-03,71.9,82.4,6,11116.0,12165.0,3934.0,3934.0,Y,N,0.0,Labor Productivity
WO-00644,TAR-2023-HCU,Hydrocracker Unit,Instrumentation,Inspection,Discovery,N,Apex Turnaround Services,2023-05-12,2023-05-16,2023-05-13,2023-05-19,44.2,63.8,5,8145.0,10874.0,1993.0,1993.0,Y,N,0.0,Scope Growth / Discovery
WO-00645,TAR-2023-HCU,Hydrocracker Unit,Piping,Repair,Planned,N,Delta Mechanical Ltd,2023-05-23,2023-05-30,2023-05-24,2023-06-03,58.8,84.6,5,6246.0,8796.0,434.0,434.0,Y,N,0.0,Labor Productivity
WO-00646,TAR-2023-HCU,Hydrocracker Unit,Mechanical (Rotating),Cleaning,Planned,N,Delta Mechanical Ltd,2023-05-08,2023-05-12,2023-05-08,2023-05-13,38.5,47.3,9,6390.0,7584.0,1166.0,1166.0,Y,N,0.0,Inspection Hold
WO-00647,TAR-2023-HCU,Hydrocracker Unit,Scaffolding,Overhaul,Planned,N,Apex Turnaround Services,2023-05-23,2023-05-28,2023-05-23,2023-05-28,58.0,51.9,12,6467.0,6022.0,2232.0,2232.0,Y,N,0.0,On Plan
WO-00648,TAR-2023-HCU,Hydrocracker Unit,Piping,Repair,Emergent,N,Apex Turnaround Services,2023-05-12,2023-05-19,2023-05-12,2023-05-28,67.3,157.8,13,7036.0,15392.0,921.0,1054.0,N,N,0.0,Scope Growth / Discovery
WO-00649,TAR-2023-HCU,Hydrocracker Unit,Mechanical (Static/Vessels),Repair,Planned,N,Sterling TAR Contractors,2023-05-15,2023-05-17,2023-05-15,2023-05-17,45.8,45.0,5,6518.0,6414.0,602.0,602.0,Y,N,0.0,On Plan
WO-00650,TAR-2023-HCU,Hydrocracker Unit,Mechanical (Rotating),Replacement,Planned,N,Northgate Industrial,2023-05-30,2023-06-20,2023-05-31,2023-06-22,174.7,181.4,11,28159.0,29161.0,2058.0,2058.0,Y,N,0.0,On Plan
WO-00651,TAR-2023-HCU,Hydrocracker Unit,Piping,Replacement,Planned,N,Apex Turnaround Services,2023-05-31,2023-06-10,2023-05-31,2023-06-13,182.0,235.0,5,23563.0,28931.0,5131.0,5131.0,Y,N,0.0,Inspection Hold
WO-00652,TAR-2023-HCU,Hydrocracker Unit,Mechanical (Rotating),Replacement,Planned,N,Delta Mechanical Ltd,2023-05-08,2023-05-13,2023-05-08,2023-05-17,69.9,120.4,5,11682.0,19043.0,1492.0,1492.0,Y,N,0.0,Permit / Isolation Wait
WO-00653,TAR-2023-HCU,Hydrocracker Unit,Mechanical (Static/Vessels),Repair,Emergent,N,Apex Turnaround Services,2023-05-28,2023-06-14,2023-05-29,2023-06-24,253.6,386.6,6,31628.0,46916.0,2478.0,2478.0,Y,N,0.0,Scope Growth / Discovery
WO-00654,TAR-2023-HCU,Hydrocracker Unit,Piping,Repair,Discovery,N,Delta Mechanical Ltd,2023-05-24,2023-05-27,2023-05-25,2023-05-30,60.1,95.6,6,6940.0,10370.0,1133.0,1133.0,Y,N,0.0,Scope Growth / Discovery
WO-00655,TAR-2023-HCU,Hydrocracker Unit,Mechanical (Rotating),Repair,Planned,N,Apex Turnaround Services,2023-05-14,2023-05-22,2023-05-15,2023-05-25,69.3,84.1,6,12537.0,14702.0,2397.0,2397.0,Y,N,0.0,Labor Productivity
WO-00656,TAR-2023-HCU,Hydrocracker Unit,Mechanical (Rotating),Inspection,Planned,N,Delta Mechanical Ltd,2023-05-28,2023-06-08,2023-05-29,2023-06-11,112.7,131.0,7,17723.0,20461.0,865.0,865.0,Y,N,0.0,Labor Productivity
WO-00657,TAR-2023-HCU,Hydrocracker Unit,Piping,Repair,Planned,N,In-House Maintenance,2023-05-15,2023-05-19,2023-05-15,2023-05-19,75.8,69.0,9,10009.0,9347.0,2628.0,2628.0,Y,N,0.0,On Plan
WO-00658,TAR-2023-HCU,Hydrocracker Unit,Piping,Repair,Planned,N,Apex Turnaround Services,2023-05-22,2023-07-01,2023-05-22,2023-07-01,499.4,505.4,7,50382.0,50931.0,4645.0,4645.0,Y,N,0.0,On Plan
WO-00659,TAR-2023-HCU,Hydrocracker Unit,Mechanical (Static/Vessels),Inspection,Planned,Y,Apex Turnaround Services,2023-05-14,2023-05-20,2023-05-15,2023-05-21,87.59044890238499,89.9,2,15622.0,15911.0,4652.0,4652.0,Y,N,0.0,On Plan
WO-00660,TAR-2023-HCU,Hydrocracker Unit,Catalyst Handling,Cleaning,Planned,N,Northgate Industrial,2023-05-26,2023-06-01,2023-05-26,2023-06-01,74.9,78.2,2,12053.0,12409.0,3977.0,3977.0,Y,N,0.0,On Plan
WO-00661,TAR-2024-COK,Delayed Coker Unit,Electrical,Replacement,Discovery,Y,In-House Maintenance,2024-04-06,2024-04-22,2024-04-06,2024-05-07,152.69099010457208,293.8,11,24236.0,43815.0,4553.0,5942.0,N,N,0.0,Scope Growth / Discovery
WO-00662,TAR-2024-COK,Delayed Coker Unit,Scaffolding,Repair,Planned,N,Sterling TAR Contractors,2024-04-08,2024-04-12,2024-04-09,2024-04-14,77.2,91.1,7,7476.0,8491.0,1838.0,1838.0,Y,N,0.0,Labor Productivity
WO-00663,TAR-2024-COK,Delayed Coker Unit,Electrical,Inspection,Planned,N,Apex Turnaround Services,2024-04-22,2024-04-27,2024-04-23,2024-04-30,53.9,70.6,12,9521.0,11609.0,2783.0,2783.0,Y,N,0.0,Permit / Isolation Wait
WO-00664,TAR-2024-COK,Delayed Coker Unit,Inspection/NDT,Replacement,Planned,N,Northgate Industrial,2024-04-22,2024-05-09,2024-04-22,2024-05-09,141.1,121.6,13,26645.0,24950.0,6033.0,7187.0,N,N,0.0,On Plan
WO-00665,TAR-2024-COK,Delayed Coker Unit,Mechanical (Static/Vessels),Cleaning,Planned,N,In-House Maintenance,2024-03-21,2024-03-27,2024-03-21,2024-03-28,91.2,106.9,10,12806.0,14799.0,1232.0,1232.0,Y,N,2.3,Safety Stand-down
WO-00666,TAR-2024-COK,Delayed Coker Unit,Piping,Overhaul,Planned,N,In-House Maintenance,2024-04-16,2024-04-19,2024-04-16,2024-04-20,51.4,67.7,2,5949.0,7607.0,721.0,721.0,Y,N,0.0,Labor Productivity
WO-00667,TAR-2024-COK,Delayed Coker Unit,Mechanical (Static/Vessels),Cleaning,Planned,Y,Apex Turnaround Services,2024-03-18,2024-04-03,2024-03-19,2024-04-08,200.97899766370776,250.3,12,29551.0,35491.0,5345.0,5345.0,Y,Y,0.0,Rework / Quality
WO-00668,TAR-2024-COK,Delayed Coker Unit,Valves,Repair,Emergent,N,Sterling TAR Contractors,2024-04-24,2024-05-03,2024-04-25,2024-05-11,89.6,155.9,3,12204.0,20257.0,2095.0,2667.0,N,N,0.0,Scope Growth / Discovery
WO-00669,TAR-2024-COK,Delayed Coker Unit,Piping,Replacement,Planned,N,Northgate Industrial,2024-03-31,2024-04-01,2024-03-31,2024-04-01,15.9,12.8,4,2307.0,2015.0,813.0,813.0,Y,N,0.0,On Plan
WO-00670,TAR-2024-COK,Delayed Coker Unit,Insulation,Repair,Planned,N,Delta Mechanical Ltd,2024-03-22,2024-03-23,2024-03-23,2024-03-25,9.9,19.4,11,825.0,1467.0,156.0,156.0,Y,Y,0.0,Rework / Quality
WO-00671,TAR-2024-COK,Delayed Coker Unit,Piping,Replacement,Discovery,N,Delta Mechanical Ltd,2024-03-18,2024-03-23,2024-03-19,2024-03-31,95.1,221.2,8,13340.0,27560.0,3614.0,4938.0,N,N,0.0,Scope Growth / Discovery
WO-00672,TAR-2024-COK,Delayed Coker Unit,Catalyst Handling,Inspection,Discovery,N,Apex Turnaround Services,2024-04-12,2024-04-18,2024-04-12,2024-04-20,71.6,93.1,11,11083.0,13704.0,3740.0,4156.0,N,N,0.0,Scope Growth / Discovery
WO-00673,TAR-2024-COK,Delayed Coker Unit,Instrumentation,Inspection,Planned,N,Delta Mechanical Ltd,2024-04-04,2024-04-21,2024-04-04,2024-04-28,151.4,213.0,11,27853.0,36075.0,7645.0,7645.0,Y,N,0.0,Inspection Hold
WO-00674,TAR-2024-COK,Delayed Coker Unit,Mechanical (Static/Vessels),Repair,Planned,N,Delta Mechanical Ltd,2024-03-24,2024-04-17,2024-03-24,2024-04-26,404.1,551.8,10,65600.0,84243.0,14596.0,14596.0,Y,Y,0.0,Rework / Quality
WO-00675,TAR-2024-COK,Delayed Coker Unit,Insulation,Replacement,Discovery,N,In-House Maintenance,2024-03-18,2024-03-21,2024-03-19,2024-03-23,50.7,59.3,9,4509.0,5095.0,1053.0,1053.0,Y,N,0.0,Scope Growth / Discovery
WO-00676,TAR-2024-COK,Delayed Coker Unit,Valves,Overhaul,Planned,N,In-House Maintenance,2024-03-27,2024-04-01,2024-03-27,2024-04-01,70.5,77.3,13,10966.0,11701.0,3349.0,3349.0,Y,N,11.2,Safety Stand-down
WO-00677,TAR-2024-COK,Delayed Coker Unit,Electrical,Inspection,Discovery,N,Sterling TAR Contractors,2024-03-31,2024-04-11,2024-04-01,2024-04-19,103.8,171.5,6,14660.0,23237.0,1509.0,1509.0,Y,N,0.0,Scope Growth / Discovery
WO-00678,TAR-2024-COK,Delayed Coker Unit,Electrical,Repair,Planned,N,In-House Maintenance,2024-04-20,2024-04-22,2024-04-20,2024-04-22,36.6,35.5,7,5450.0,5311.0,835.0,835.0,Y,N,0.0,On Plan
WO-00679,TAR-2024-COK,Delayed Coker Unit,Mechanical (Static/Vessels),Repair,Emergent,N,Sterling TAR Contractors,2024-03-26,2024-04-04,2024-03-26,2024-04-06,166.2,195.2,13,25400.0,29083.0,4288.0,4288.0,Y,N,0.0,Scope Growth / Discovery
WO-00680,TAR-2024-COK,Delayed Coker Unit,Insulation,Replacement,Planned,N,In-House Maintenance,2024-04-07,2024-04-18,2024-04-07,2024-04-18,175.3,174.9,2,15532.0,15504.0,3334.0,3334.0,Y,N,0.0,On Plan
WO-00681,TAR-2024-COK,Delayed Coker Unit,Mechanical (Static/Vessels),Replacement,Discovery,N,Sterling TAR Contractors,2024-04-13,2024-05-03,2024-04-14,2024-05-23,246.3,484.8,13,32359.0,61144.0,3266.0,3880.0,N,N,0.0,Scope Growth / Discovery
WO-00682,TAR-2024-COK,Delayed Coker Unit,Valves,Cleaning,Emergent,N,In-House Maintenance,2024-04-22,2024-04-25,2024-04-22,2024-04-26,47.7,56.1,3,5727.0,6633.0,584.0,584.0,Y,N,0.0,Scope Growth / Discovery
WO-00683,TAR-2024-COK,Delayed Coker Unit,Electrical,Repair,Planned,N,Delta Mechanical Ltd,2024-04-28,2024-05-07,2024-04-28,2024-05-12,80.9,122.0,9,11691.0,16933.0,1372.0,1372.0,Y,Y,0.0,Rework / Quality
WO-00684,TAR-2024-COK,Delayed Coker Unit,Mechanical (Rotating),Cleaning,Planned,N,Northgate Industrial,2024-03-24,2024-03-30,2024-03-24,2024-03-31,59.3,68.0,9,9777.0,11089.0,835.0,835.0,Y,N,0.0,Labor Productivity
WO-00685,TAR-2024-COK,Delayed Coker Unit,Catalyst Handling,Repair,Planned,N,Sterling TAR Contractors,2024-04-23,2024-04-29,2024-04-24,2024-05-02,94.1,127.1,10,13700.0,17791.0,4226.0,4994.0,N,N,0.0,Material Delay
WO-00686,TAR-2024-COK,Delayed Coker Unit,Piping,Repair,Planned,N,Sterling TAR Contractors,2024-04-27,2024-04-29,2024-04-28,2024-04-30,36.7,38.5,10,4196.0,4367.0,716.0,716.0,Y,N,0.0,On Plan
WO-00687,TAR-2024-COK,Delayed Coker Unit,Civil,Replacement,Planned,N,Delta Mechanical Ltd,2024-03-25,2024-04-01,2024-03-25,2024-04-03,87.7,112.6,4,10414.0,12468.0,3182.0,3182.0,Y,N,0.0,Labor Productivity
WO-00688,TAR-2024-COK,Delayed Coker Unit,Mechanical (Static/Vessels),Overhaul,Planned,Y,Apex Turnaround Services,2024-04-13,2024-04-19,2024-04-14,2024-04-21,113.24255364733901,132.2,5,18231.0,20601.0,4070.0,4070.0,Y,N,0.0,Labor Productivity
WO-00689,TAR-2024-COK,Delayed Coker Unit,Mechanical (Rotating),Repair,Planned,N,Sterling TAR Contractors,2024-03-18,2024-03-25,2024-03-18,2024-03-28,95.8,135.1,3,14176.0,19870.0,1188.0,1555.0,N,N,0.0,Material Delay
WO-00690,TAR-2024-COK,Delayed Coker Unit,Mechanical (Static/Vessels),Inspection,Discovery,N,Northgate Industrial,2024-03-20,2024-03-27,2024-03-21,2024-03-30,130.4,167.7,4,19792.0,24115.0,4680.0,4680.0,Y,N,0.0,Scope Growth / Discovery
WO-00691,TAR-2024-COK,Delayed Coker Unit,Electrical,Overhaul,Planned,N,Delta Mechanical Ltd,2024-03-22,2024-03-30,2024-03-22,2024-04-02,81.5,117.1,3,11136.0,15674.0,746.0,746.0,Y,N,0.0,Inspection Hold
WO-00692,TAR-2024-COK,Delayed Coker Unit,Instrumentation,Repair,Planned,N,In-House Maintenance,2024-03-22,2024-03-24,2024-03-22,2024-03-24,39.6,42.1,5,5833.0,6156.0,710.0,710.0,Y,N,0.0,Labor Productivity
WO-00693,TAR-2024-COK,Delayed Coker Unit,Mechanical (Rotating),Cleaning,Planned,N,Apex Turnaround Services,2024-03-27,2024-04-01,2024-03-28,2024-04-03,49.2,63.3,9,8022.0,10062.0,904.0,904.0,Y,N,0.0,Permit / Isolation Wait
WO-00694,TAR-2024-COK,Delayed Coker Unit,Mechanical (Static/Vessels),Cleaning,Discovery,N,Delta Mechanical Ltd,2024-04-22,2024-04-24,2024-04-23,2024-04-27,23.6,51.7,9,4062.0,7764.0,1235.0,1571.0,N,N,0.0,Scope Growth / Discovery
WO-00695,TAR-2024-COK,Delayed Coker Unit,Inspection/NDT,Overhaul,Discovery,N,Northgate Industrial,2024-03-27,2024-04-13,2024-03-28,2024-04-28,194.5,353.4,6,33620.0,57945.0,5173.0,6258.0,N,N,0.0,Scope Growth / Discovery
WO-00696,TAR-2024-COK,Delayed Coker Unit,Inspection/NDT,Repair,Planned,N,Apex Turnaround Services,2024-03-27,2024-04-05,2024-03-27,2024-04-09,181.9,263.0,8,32880.0,44691.0,6388.0,6388.0,Y,N,0.0,Permit / Isolation Wait
WO-00697,TAR-2024-COK,Delayed Coker Unit,Mechanical (Rotating),Replacement,Discovery,N,Northgate Industrial,2024-04-14,2024-04-28,2024-04-14,2024-05-04,247.2,345.6,3,40924.0,55096.0,5320.0,5320.0,Y,N,7.5,Scope Growth / Discovery
WO-00698,TAR-2024-COK,Delayed Coker Unit,Valves,Repair,Planned,Y,Apex Turnaround Services,2024-04-29,2024-05-03,2024-04-30,2024-05-05,69.00241476826687,86.5,5,10610.0,12504.0,3140.0,3140.0,Y,N,0.0,Labor Productivity
WO-00699,TAR-2024-COK,Delayed Coker Unit,Scaffolding,Replacement,Planned,N,In-House Maintenance,2024-03-23,2024-04-02,2024-03-24,2024-04-03,91.3,94.1,12,9192.0,9388.0,2812.0,2812.0,Y,N,0.0,On Plan
WO-00700,TAR-2024-COK,Delayed Coker Unit,Instrumentation,Inspection,Planned,N,Delta Mechanical Ltd,2024-03-30,2024-04-03,2024-03-31,2024-04-06,72.6,105.5,3,11648.0,16219.0,1562.0,1562.0,Y,N,0.0,Permit / Isolation Wait
WO-00701,TAR-2024-COK,Delayed Coker Unit,Scaffolding,Inspection,Planned,N,Delta Mechanical Ltd,2024-03-21,2024-03-31,2024-03-21,2024-04-03,166.1,209.8,12,18806.0,21820.0,7350.0,7350.0,Y,N,0.0,Permit / Isolation Wait
WO-00702,TAR-2024-COK,Delayed Coker Unit,Piping,Replacement,Planned,N,In-House Maintenance,2024-04-07,2024-04-09,2024-04-07,2024-04-09,20.5,20.8,8,2417.0,2446.0,469.0,469.0,Y,N,0.0,On Plan
WO-00703,TAR-2024-COK,Delayed Coker Unit,Piping,Inspection,Discovery,N,Delta Mechanical Ltd,2024-03-18,2024-03-24,2024-03-19,2024-03-28,104.1,150.1,7,12974.0,17743.0,3494.0,4074.0,N,N,0.0,Scope Growth / Discovery
WO-00704,TAR-2024-COK,Delayed Coker Unit,Piping,Repair,Emergent,N,Delta Mechanical Ltd,2024-04-04,2024-04-09,2024-04-05,2024-04-21,61.5,201.6,10,9136.0,23956.0,3060.0,4037.0,N,N,0.0,Scope Growth / Discovery
WO-00705,TAR-2024-COK,Delayed Coker Unit,Mechanical (Static/Vessels),Inspection,Planned,N,Northgate Industrial,2024-04-12,2024-04-15,2024-04-12,2024-04-17,58.9,91.8,6,8211.0,12651.0,806.0,1109.0,N,N,0.0,Material Delay
WO-00706,TAR-2024-COK,Delayed Coker Unit,Scaffolding,Replacement,Emergent,N,Delta Mechanical Ltd,2024-03-29,2024-04-02,2024-03-29,2024-04-06,39.3,76.7,11,4328.0,7125.0,1390.0,1390.0,Y,N,0.0,Scope Growth / Discovery
WO-00707,TAR-2024-COK,Delayed Coker Unit,Instrumentation,Overhaul,Emergent,N,Delta Mechanical Ltd,2024-04-28,2024-05-03,2024-04-29,2024-05-11,73.2,175.0,13,12127.0,25502.0,2510.0,2510.0,Y,N,0.0,Scope Growth / Discovery
WO-00708,TAR-2024-COK,Delayed Coker Unit,Mechanical (Rotating),Overhaul,Discovery,N,Apex Turnaround Services,2024-03-30,2024-04-03,2024-03-30,2024-04-07,49.5,92.9,8,8118.0,14715.0,903.0,1173.0,N,N,0.0,Scope Growth / Discovery
WO-00709,TAR-2024-COK,Delayed Coker Unit,Piping,Cleaning,Planned,N,Delta Mechanical Ltd,2024-04-22,2024-04-27,2024-04-23,2024-04-29,78.3,100.7,12,9954.0,12062.0,2587.0,2587.0,Y,N,0.0,Permit / Isolation Wait
WO-00710,TAR-2024-COK,Delayed Coker Unit,Scaffolding,Repair,Planned,N,Northgate Industrial,2024-03-24,2024-04-03,2024-03-24,2024-04-04,109.3,121.8,11,8614.0,9459.0,1223.0,1223.0,Y,N,0.0,Permit / Isolation Wait
WO-00711,TAR-2024-COK,Delayed Coker Unit,Piping,Cleaning,Planned,N,Apex Turnaround Services,2024-04-03,2024-04-10,2024-04-04,2024-04-11,94.1,87.3,5,11446.0,10803.0,2541.0,2541.0,Y,N,0.0,On Plan
WO-00712,TAR-2024-COK,Delayed Coker Unit,Piping,Repair,Planned,N,In-House Maintenance,2024-04-15,2024-04-20,2024-04-16,2024-04-23,76.1,101.1,3,11019.0,13356.0,3906.0,3906.0,Y,N,7.3,Safety Stand-down
WO-00713,TAR-2024-COK,Delayed Coker Unit,Mechanical (Static/Vessels),Repair,Emergent,N,Delta Mechanical Ltd,2024-04-23,2024-04-30,2024-04-24,2024-05-13,75.3,208.5,12,10131.0,27100.0,538.0,538.0,Y,N,0.0,Scope Growth / Discovery
WO-00714,TAR-2024-COK,Delayed Coker Unit,Mechanical (Static/Vessels),Replacement,Planned,N,Delta Mechanical Ltd,2024-04-07,2024-04-17,2024-04-08,2024-04-19,107.1,115.1,12,16790.0,17762.0,3777.0,3777.0,Y,N,0.0,Inspection Hold
WO-00715,TAR-2024-COK,Delayed Coker Unit,Valves,Cleaning,Planned,N,Northgate Industrial,2024-04-06,2024-04-09,2024-04-07,2024-04-10,55.7,55.8,12,8606.0,8617.0,2464.0,2464.0,Y,N,0.0,On Plan
WO-00716,TAR-2024-COK,Delayed Coker Unit,Instrumentation,Cleaning,Emergent,N,Delta Mechanical Ltd,2024-04-18,2024-05-01,2024-04-19,2024-05-13,173.0,314.8,7,27221.0,46534.0,5191.0,6447.0,N,N,0.0,Scope Growth / Discovery
WO-00717,TAR-2024-COK,Delayed Coker Unit,Valves,Repair,Discovery,N,In-House Maintenance,2024-04-25,2024-05-04,2024-04-26,2024-05-08,143.1,195.1,8,18402.0,25133.0,3059.0,4214.0,N,N,0.0,Scope Growth / Discovery
WO-00718,TAR-2024-COK,Delayed Coker Unit,Insulation,Inspection,Discovery,N,In-House Maintenance,2024-04-02,2024-04-09,2024-04-02,2024-04-15,85.3,158.4,5,9594.0,14940.0,3584.0,3780.0,N,N,0.0,Scope Growth / Discovery
WO-00719,TAR-2024-COK,Delayed Coker Unit,Civil,Inspection,Planned,N,Sterling TAR Contractors,2024-04-28,2024-05-18,2024-04-28,2024-05-22,175.2,211.9,4,20885.0,23898.0,6503.0,6503.0,Y,N,0.0,Labor Productivity
WO-00720,TAR-2024-COK,Delayed Coker Unit,Scaffolding,Replacement,Planned,N,In-House Maintenance,2024-04-16,2024-04-18,2024-04-16,2024-04-18,32.0,34.3,13,3039.0,3192.0,910.0,910.0,Y,N,0.0,Labor Productivity
WO-00721,TAR-2024-COK,Delayed Coker Unit,Inspection/NDT,Replacement,Planned,Y,Delta Mechanical Ltd,2024-04-04,2024-05-01,2024-04-04,2024-05-26,361.2606854303468,689.4,4,66142.0,116702.0,13436.0,16121.0,N,N,0.0,Material Delay
WO-00722,TAR-2024-COK,Delayed Coker Unit,Instrumentation,Replacement,Discovery,N,Sterling TAR Contractors,2024-04-19,2024-04-21,2024-04-20,2024-04-23,36.4,52.9,9,5773.0,8306.0,1219.0,1688.0,N,N,0.0,Scope Growth / Discovery
WO-00723,TAR-2024-COK,Delayed Coker Unit,Insulation,Overhaul,Planned,N,Apex Turnaround Services,2024-03-26,2024-04-02,2024-03-27,2024-04-06,116.5,161.2,11,11890.0,15023.0,3724.0,3724.0,Y,N,0.0,Labor Productivity
WO-00724,TAR-2024-COK,Delayed Coker Unit,Piping,Repair,Planned,N,Sterling TAR Contractors,2024-04-26,2024-04-30,2024-04-26,2024-05-01,61.0,82.5,10,7518.0,9679.0,1388.0,1388.0,Y,N,0.0,Labor Productivity
WO-00725,TAR-2024-COK,Delayed Coker Unit,Piping,Repair,Planned,N,Apex Turnaround Services,2024-03-23,2024-03-29,2024-03-23,2024-03-30,87.2,94.7,9,12668.0,13359.0,4642.0,4642.0,Y,N,0.0,Labor Productivity
WO-00726,TAR-2024-COK,Delayed Coker Unit,Mechanical (Static/Vessels),Repair,Emergent,N,In-House Maintenance,2024-03-25,2024-03-29,2024-03-26,2024-04-03,58.5,121.6,7,10177.0,18630.0,2946.0,3600.0,N,N,0.0,Scope Growth / Discovery
WO-00727,TAR-2024-COK,Delayed Coker Unit,Instrumentation,Replacement,Planned,Y,Apex Turnaround Services,2024-04-17,2024-04-25,2024-04-18,2024-04-27,76.82658332056822,91.0,5,10852.0,12634.0,1192.0,1192.0,Y,N,0.0,Permit / Isolation Wait
WO-00728,TAR-2024-COK,Delayed Coker Unit,Insulation,Repair,Discovery,N,Apex Turnaround Services,2024-04-08,2024-04-12,2024-04-08,2024-04-16,84.3,164.0,10,8212.0,13883.0,2214.0,2214.0,Y,N,0.0,Scope Growth / Discovery
WO-00729,TAR-2024-COK,Delayed Coker Unit,Piping,Repair,Emergent,N,Delta Mechanical Ltd,2024-04-17,2024-04-20,2024-04-17,2024-04-24,26.6,61.5,9,3471.0,6807.0,1000.0,1094.0,N,N,0.0,Scope Growth / Discovery
WO-00730,TAR-2024-COK,Delayed Coker Unit,Piping,Cleaning,Discovery,N,Apex Turnaround Services,2024-04-29,2024-05-09,2024-04-30,2024-05-16,107.1,170.0,2,14392.0,20586.0,3845.0,3845.0,Y,N,0.0,Scope Growth / Discovery
WO-00731,TAR-2024-COK,Delayed Coker Unit,Inspection/NDT,Repair,Planned,N,Northgate Industrial,2024-04-17,2024-04-19,2024-04-18,2024-04-20,32.3,35.8,10,6339.0,6869.0,1440.0,1440.0,Y,N,0.0,Permit / Isolation Wait
WO-00732,TAR-2024-COK,Delayed Coker Unit,Valves,Cleaning,Planned,N,Apex Turnaround Services,2024-04-29,2024-05-03,2024-04-30,2024-05-06,51.6,83.7,12,6634.0,10620.0,570.0,784.0,N,N,0.0,Material Delay
WO-00733,TAR-2024-COK,Delayed Coker Unit,Inspection/NDT,Replacement,Planned,N,Delta Mechanical Ltd,2024-03-31,2024-04-06,2024-04-01,2024-04-09,70.1,97.6,4,12659.0,16625.0,2548.0,2548.0,Y,N,0.0,Inspection Hold
WO-00734,TAR-2024-COK,Delayed Coker Unit,Electrical,Overhaul,Emergent,N,Northgate Industrial,2024-04-20,2024-04-28,2024-04-21,2024-04-30,157.4,177.8,13,28079.0,30818.0,6950.0,6950.0,Y,N,0.0,Scope Growth / Discovery
WO-00735,TAR-2024-COK,Delayed Coker Unit,Insulation,Repair,Planned,N,Northgate Industrial,2024-04-15,2024-04-23,2024-04-15,2024-04-24,108.0,119.9,10,9200.0,10057.0,1422.0,1422.0,Y,N,0.0,Permit / Isolation Wait
WO-00736,TAR-2024-COK,Delayed Coker Unit,Catalyst Handling,Replacement,Discovery,N,Sterling TAR Contractors,2024-04-07,2024-04-13,2024-04-08,2024-04-18,64.8,107.0,11,7248.0,11501.0,718.0,718.0,Y,N,0.0,Scope Growth / Discovery
WO-00737,TAR-2024-COK,Delayed Coker Unit,Piping,Repair,Planned,N,Delta Mechanical Ltd,2024-04-12,2024-04-15,2024-04-13,2024-04-18,43.5,69.3,12,4883.0,7473.0,851.0,1049.0,N,N,0.0,Material Delay
WO-00738,TAR-2024-COK,Delayed Coker Unit,Valves,Cleaning,Emergent,N,Sterling TAR Contractors,2024-04-22,2024-05-06,2024-04-23,2024-05-13,211.7,297.1,8,26119.0,35540.0,2765.0,2765.0,Y,N,7.0,Scope Growth / Discovery
WO-00739,TAR-2024-COK,Delayed Coker Unit,Catalyst Handling,Cleaning,Discovery,N,In-House Maintenance,2024-03-22,2024-03-28,2024-03-23,2024-04-01,99.0,150.0,7,15171.0,21817.0,4867.0,6205.0,N,N,0.0,Scope Growth / Discovery
WO-00740,TAR-2024-COK,Delayed Coker Unit,Mechanical (Static/Vessels),Cleaning,Emergent,N,Northgate Industrial,2024-04-01,2024-04-06,2024-04-01,2024-04-14,74.2,188.8,2,11372.0,26298.0,2165.0,2872.0,N,N,0.0,Scope Growth / Discovery
WO-00741,TAR-2024-COK,Delayed Coker Unit,Valves,Inspection,Planned,N,Sterling TAR Contractors,2024-04-07,2024-04-12,2024-04-08,2024-04-15,62.7,87.5,6,10123.0,14076.0,2796.0,3851.0,N,N,0.0,Material Delay
WO-00742,TAR-2024-COK,Delayed Coker Unit,Mechanical (Static/Vessels),Overhaul,Planned,N,Sterling TAR Contractors,2024-04-09,2024-04-20,2024-04-10,2024-04-25,93.7,129.3,9,15679.0,20277.0,3577.0,3577.0,Y,N,0.0,Inspection Hold
WO-00743,TAR-2024-COK,Delayed Coker Unit,Mechanical (Rotating),Replacement,Planned,N,In-House Maintenance,2024-04-24,2024-05-04,2024-04-24,2024-05-06,164.9,190.7,12,31016.0,34604.0,8083.0,8083.0,Y,N,0.0,Permit / Isolation Wait
WO-00744,TAR-2024-COK,Delayed Coker Unit,Mechanical (Static/Vessels),Inspection,Discovery,N,Northgate Industrial,2024-04-08,2024-04-17,2024-04-09,2024-05-04,125.8,353.0,13,19434.0,48765.0,3882.0,5127.0,N,N,0.0,Scope Growth / Discovery
WO-00745,TAR-2024-COK,Delayed Coker Unit,Scaffolding,Overhaul,Planned,N,Delta Mechanical Ltd,2024-04-16,2024-04-18,2024-04-16,2024-04-20,41.5,73.7,11,4351.0,6828.0,1389.0,1568.0,N,N,7.9,Material Delay
WO-00746,TAR-2024-COK,Delayed Coker Unit,Valves,Repair,Planned,N,In-House Maintenance,2024-04-26,2024-05-02,2024-04-26,2024-05-03,54.4,63.2,6,8633.0,9625.0,2499.0,2499.0,Y,N,9.8,Safety Stand-down
WO-00747,TAR-2024-COK,Delayed Coker Unit,Scaffolding,Cleaning,Discovery,N,Delta Mechanical Ltd,2024-04-16,2024-04-21,2024-04-17,2024-04-26,78.6,134.8,12,6167.0,10049.0,738.0,738.0,Y,N,0.0,Scope Growth / Discovery
WO-00748,TAR-2024-COK,Delayed Coker Unit,Mechanical (Rotating),Overhaul,Planned,Y,Delta Mechanical Ltd,2024-04-02,2024-04-10,2024-04-03,2024-04-13,131.8182263907344,168.3,12,23605.0,29061.0,3892.0,3892.0,Y,N,10.2,Safety Stand-down
WO-00749,TAR-2024-COK,Delayed Coker Unit,Mechanical (Rotating),Replacement,Planned,N,Sterling TAR Contractors,2024-04-14,2024-04-29,2024-04-14,2024-05-03,153.5,191.9,11,26904.0,32246.0,5553.0,5553.0,Y,N,2.9,Safety Stand-down
WO-00750,TAR-2024-COK,Delayed Coker Unit,Piping,Replacement,Planned,N,Apex Turnaround Services,2024-04-29,2024-05-24,2024-04-29,2024-05-30,248.2,312.1,10,29751.0,36061.0,5242.0,5242.0,Y,N,0.0,Labor Productivity
WO-00751,TAR-2024-COK,Delayed Coker Unit,Piping,Repair,Planned,N,In-House Maintenance,2024-04-08,2024-04-14,2024-04-08,2024-04-14,53.1,50.4,3,7107.0,6863.0,2308.0,2308.0,Y,N,0.0,On Plan
WO-00752,TAR-2024-COK,Delayed Coker Unit,Electrical,Overhaul,Discovery,N,Apex Turnaround Services,2024-04-29,2024-05-22,2024-04-29,2024-06-12,206.8,396.7,12,36251.0,60659.0,9670.0,9670.0,Y,N,0.0,Scope Growth / Discovery
WO-00753,TAR-2024-COK,Delayed Coker Unit,Piping,Inspection,Planned,N,Apex Turnaround Services,2024-04-23,2024-04-27,2024-04-23,2024-04-28,62.3,72.5,4,8051.0,9074.0,1799.0,1799.0,Y,N,0.0,Labor Productivity
WO-00754,TAR-2024-COK,Delayed Coker Unit,Mechanical (Static/Vessels),Repair,Planned,N,Apex Turnaround Services,2024-04-25,2024-05-05,2024-04-25,2024-05-09,151.3,204.6,12,21564.0,28289.0,2476.0,2476.0,Y,N,9.3,Safety Stand-down
WO-00755,TAR-2024-COK,Delayed Coker Unit,Inspection/NDT,Inspection,Planned,N,In-House Maintenance,2024-04-24,2024-05-19,2024-04-24,2024-05-27,286.1,378.7,4,47933.0,61436.0,6215.0,6215.0,Y,N,0.0,Permit / Isolation Wait
WO-00756,TAR-2024-COK,Delayed Coker Unit,Mechanical (Rotating),Cleaning,Planned,N,Apex Turnaround Services,2024-04-18,2024-04-23,2024-04-19,2024-04-24,102.8,106.3,7,17515.0,18028.0,2440.0,2440.0,Y,N,0.0,On Plan
WO-00757,TAR-2024-COK,Delayed Coker Unit,Mechanical (Rotating),Replacement,Discovery,N,Northgate Industrial,2024-04-01,2024-04-10,2024-04-01,2024-04-26,162.2,443.1,6,25158.0,65778.0,1873.0,2166.0,N,N,0.0,Scope Growth / Discovery
WO-00758,TAR-2024-COK,Delayed Coker Unit,Mechanical (Rotating),Inspection,Planned,N,Delta Mechanical Ltd,2024-04-24,2024-05-06,2024-04-25,2024-05-09,103.2,123.5,6,17946.0,20976.0,2542.0,2542.0,Y,N,0.0,Labor Productivity
WO-00759,TAR-2024-COK,Delayed Coker Unit,Scaffolding,Cleaning,Emergent,N,Apex Turnaround Services,2024-04-26,2024-05-21,2024-04-27,2024-06-21,316.3,693.0,5,26295.0,54840.0,2759.0,3275.0,N,N,0.0,Scope Growth / Discovery
WO-00760,TAR-2024-COK,Delayed Coker Unit,Mechanical (Rotating),Overhaul,Planned,N,Sterling TAR Contractors,2024-04-29,2024-05-10,2024-04-30,2024-05-12,102.5,111.0,5,19855.0,21110.0,4726.0,4726.0,Y,N,0.0,Permit / Isolation Wait
WO-00761,TAR-2024-COK,Delayed Coker Unit,Catalyst Handling,Repair,Planned,N,Apex Turnaround Services,2024-04-13,2024-04-17,2024-04-14,2024-04-19,68.6,82.5,3,10187.0,11681.0,2817.0,2817.0,Y,Y,0.0,Rework / Quality
WO-00762,TAR-2024-COK,Delayed Coker Unit,Piping,Repair,Planned,N,Apex Turnaround Services,2024-04-17,2024-04-27,2024-04-18,2024-04-29,148.8,169.9,11,22355.0,24409.0,7872.0,7872.0,Y,N,0.0,Inspection Hold
WO-00763,TAR-2024-COK,Delayed Coker Unit,Mechanical (Static/Vessels),Inspection,Planned,N,Delta Mechanical Ltd,2024-04-09,2024-04-13,2024-04-10,2024-04-15,38.2,49.9,13,5192.0,6692.0,293.0,293.0,Y,N,0.0,Inspection Hold
WO-00764,TAR-2024-COK,Delayed Coker Unit,Piping,Inspection,Planned,N,In-House Maintenance,2024-04-13,2024-04-25,2024-04-14,2024-04-26,184.3,155.4,10,24071.0,21179.0,5628.0,5628.0,Y,N,0.0,On Plan
WO-00765,TAR-2024-COK,Delayed Coker Unit,Mechanical (Static/Vessels),Replacement,Discovery,N,In-House Maintenance,2024-03-19,2024-03-27,2024-03-20,2024-04-06,96.7,205.3,6,14768.0,28639.0,3421.0,4548.0,N,N,0.0,Scope Growth / Discovery
WO-00766,TAR-2024-COK,Delayed Coker Unit,Inspection/NDT,Cleaning,Planned,Y,Sterling TAR Contractors,2024-04-23,2024-04-25,2024-04-24,2024-04-26,22.700351780437597,23.7,8,3807.0,3966.0,198.0,198.0,Y,N,0.0,On Plan
WO-00767,TAR-2024-COK,Delayed Coker Unit,Valves,Cleaning,Planned,N,In-House Maintenance,2024-04-09,2024-04-12,2024-04-10,2024-04-13,56.0,62.0,12,7280.0,7935.0,1167.0,1167.0,Y,N,0.0,Labor Productivity
WO-00768,TAR-2024-COK,Delayed Coker Unit,Mechanical (Rotating),Inspection,Planned,N,Sterling TAR Contractors,2024-03-28,2024-04-11,2024-03-29,2024-04-20,247.9,395.4,2,41184.0,62951.0,6975.0,8388.0,N,N,0.0,Material Delay
WO-00769,TAR-2024-COK,Delayed Coker Unit,Valves,Repair,Planned,N,Northgate Industrial,2024-04-13,2024-04-19,2024-04-14,2024-04-20,95.8,95.4,6,14923.0,14880.0,4858.0,4858.0,Y,N,0.0,On Plan
WO-00770,TAR-2024-COK,Delayed Coker Unit,Mechanical (Static/Vessels),Inspection,Planned,N,Northgate Industrial,2024-03-26,2024-03-28,2024-03-26,2024-03-28,40.9,44.0,4,5383.0,5748.0,567.0,567.0,Y,N,0.0,Inspection Hold
WO-00771,TAR-2024-COK,Delayed Coker Unit,Mechanical (Static/Vessels),Overhaul,Planned,N,In-House Maintenance,2024-04-29,2024-05-25,2024-04-30,2024-05-28,485.9,518.8,5,74974.0,78759.0,19074.0,19074.0,Y,N,0.0,Labor Productivity
WO-00772,TAR-2024-COK,Delayed Coker Unit,Electrical,Cleaning,Discovery,N,In-House Maintenance,2024-04-18,2024-05-05,2024-04-19,2024-05-11,158.7,207.8,4,28120.0,35281.0,7954.0,8876.0,N,N,0.0,Scope Growth / Discovery
WO-00773,TAR-2024-COK,Delayed Coker Unit,Mechanical (Rotating),Cleaning,Emergent,N,Northgate Industrial,2024-03-30,2024-04-20,2024-03-30,2024-05-05,283.7,487.7,5,49131.0,80645.0,9252.0,12090.0,N,N,0.0,Scope Growth / Discovery
WO-00774,TAR-2024-COK,Delayed Coker Unit,Instrumentation,Inspection,Planned,N,In-House Maintenance,2024-04-16,2024-04-29,2024-04-16,2024-04-29,131.9,126.3,12,21118.0,20425.0,4794.0,4794.0,Y,N,9.9,On Plan
WO-00775,TAR-2024-COK,Delayed Coker Unit,Valves,Inspection,Planned,N,Northgate Industrial,2024-04-21,2024-04-30,2024-04-21,2024-04-30,69.5,55.8,8,8739.0,7163.0,745.0,745.0,Y,N,0.0,On Plan
WO-00776,TAR-2024-COK,Delayed Coker Unit,Inspection/NDT,Repair,Planned,N,Apex Turnaround Services,2024-04-23,2024-04-27,2024-04-24,2024-04-28,50.1,54.9,13,9162.0,9934.0,1103.0,1103.0,Y,N,0.0,Labor Productivity
WO-00777,TAR-2024-COK,Delayed Coker Unit,Mechanical (Rotating),Repair,Planned,N,Sterling TAR Contractors,2024-04-23,2024-05-02,2024-04-24,2024-05-05,98.9,120.4,5,18346.0,21306.0,4732.0,4732.0,Y,N,0.0,Permit / Isolation Wait
WO-00778,TAR-2024-COK,Delayed Coker Unit,Scaffolding,Repair,Planned,N,Sterling TAR Contractors,2024-03-20,2024-03-28,2024-03-21,2024-03-30,129.1,147.8,7,15010.0,16414.0,5313.0,5313.0,Y,N,0.0,Labor Productivity
WO-00779,TAR-2024-COK,Delayed Coker Unit,Mechanical (Static/Vessels),Repair,Planned,N,Apex Turnaround Services,2024-04-27,2024-05-01,2024-04-28,2024-05-03,83.1,97.4,10,14217.0,16023.0,3720.0,3720.0,Y,N,0.0,Inspection Hold
WO-00780,TAR-2024-COK,Delayed Coker Unit,Mechanical (Static/Vessels),Repair,Planned,N,Sterling TAR Contractors,2024-04-01,2024-04-04,2024-04-01,2024-04-05,43.2,58.4,3,6369.0,8321.0,822.0,822.0,Y,N,0.0,Permit / Isolation Wait
WO-00781,TAR-2024-COK,Delayed Coker Unit,Mechanical (Rotating),Cleaning,Planned,N,Sterling TAR Contractors,2024-04-22,2024-04-26,2024-04-23,2024-04-27,43.8,35.8,4,6397.0,5327.0,537.0,537.0,Y,N,0.0,On Plan
WO-00782,TAR-2024-COK,Delayed Coker Unit,Piping,Replacement,Planned,N,In-House Maintenance,2024-04-13,2024-04-21,2024-04-13,2024-04-22,100.0,112.8,12,11225.0,12511.0,1180.0,1180.0,Y,N,0.0,Labor Productivity
WO-00783,TAR-2024-COK,Delayed Coker Unit,Instrumentation,Repair,Planned,N,Sterling TAR Contractors,2024-04-05,2024-04-12,2024-04-06,2024-04-13,110.1,102.2,4,18881.0,17881.0,4955.0,4955.0,Y,N,0.0,On Plan
WO-00784,TAR-2024-COK,Delayed Coker Unit,Piping,Overhaul,Planned,N,In-House Maintenance,2024-04-13,2024-05-01,2024-04-13,2024-05-01,241.5,248.2,11,33101.0,33759.0,9414.0,9414.0,Y,N,0.0,On Plan
WO-00785,TAR-2024-COK,Delayed Coker Unit,Valves,Inspection,Planned,N,In-House Maintenance,2024-04-21,2024-05-05,2024-04-21,2024-05-06,152.5,165.6,8,21390.0,22801.0,4957.0,4957.0,Y,N,0.0,Inspection Hold
WO-00786,TAR-2024-COK,Delayed Coker Unit,Piping,Repair,Discovery,N,Northgate Industrial,2024-04-18,2024-04-27,2024-04-19,2024-05-04,146.1,245.4,11,19764.0,29853.0,4921.0,4921.0,Y,Y,0.0,Scope Growth / Discovery
WO-00787,TAR-2024-COK,Delayed Coker Unit,Piping,Overhaul,Planned,N,Delta Mechanical Ltd,2024-03-21,2024-03-31,2024-03-22,2024-04-05,95.5,129.6,5,13068.0,17352.0,4321.0,5482.0,N,N,0.0,Material Delay
WO-00788,TAR-2024-COK,Delayed Coker Unit,Mechanical (Rotating),Replacement,Discovery,N,Northgate Industrial,2024-04-23,2024-06-04,2024-04-24,2024-06-30,447.7,718.9,5,76071.0,116492.0,11990.0,13593.0,N,N,0.0,Scope Growth / Discovery
WO-00789,TAR-2024-COK,Delayed Coker Unit,Mechanical (Static/Vessels),Inspection,Planned,N,Delta Mechanical Ltd,2024-04-15,2024-05-03,2024-04-15,2024-05-07,273.5,338.7,11,40337.0,47809.0,8996.0,8996.0,Y,N,0.0,Permit / Isolation Wait
WO-00790,TAR-2024-COK,Delayed Coker Unit,Piping,Inspection,Planned,N,Northgate Industrial,2024-03-19,2024-03-28,2024-03-20,2024-03-29,88.3,91.3,8,12168.0,12439.0,4195.0,4195.0,Y,N,0.0,On Plan
WO-00791,TAR-2024-COK,Delayed Coker Unit,Electrical,Cleaning,Planned,N,Northgate Industrial,2024-03-28,2024-04-27,2024-03-29,2024-04-28,304.4,264.7,6,54354.0,49262.0,15315.0,15315.0,Y,N,0.0,On Plan
WO-00792,TAR-2024-COK,Delayed Coker Unit,Instrumentation,Repair,Emergent,N,Northgate Industrial,2024-04-19,2024-04-23,2024-04-19,2024-04-26,71.2,116.1,3,9812.0,15668.0,526.0,526.0,Y,N,0.0,Scope Growth / Discovery
WO-00793,TAR-2024-COK,Delayed Coker Unit,Mechanical (Static/Vessels),Overhaul,Emergent,N,Sterling TAR Contractors,2024-04-29,2024-05-14,2024-04-29,2024-06-10,220.9,617.7,2,36512.0,86406.0,10285.0,13068.0,N,Y,0.0,Scope Growth / Discovery
WO-00794,TAR-2024-COK,Delayed Coker Unit,Piping,Repair,Planned,N,Sterling TAR Contractors,2024-04-15,2024-04-21,2024-04-15,2024-04-21,120.1,113.0,4,17259.0,16543.0,5145.0,5145.0,Y,N,0.0,On Plan
WO-00795,TAR-2024-COK,Delayed Coker Unit,Piping,Repair,Planned,N,In-House Maintenance,2024-04-15,2024-04-20,2024-04-16,2024-04-21,73.6,74.3,8,9523.0,9590.0,2376.0,2376.0,Y,N,0.0,On Plan
WO-00796,TAR-2024-COK,Delayed Coker Unit,Mechanical (Static/Vessels),Repair,Planned,N,In-House Maintenance,2024-04-10,2024-04-16,2024-04-10,2024-04-17,68.8,80.1,7,10391.0,11747.0,2134.0,2134.0,Y,N,0.0,Labor Productivity
WO-00797,TAR-2024-COK,Delayed Coker Unit,Scaffolding,Overhaul,Planned,N,In-House Maintenance,2024-04-12,2024-04-18,2024-04-12,2024-04-19,81.9,93.9,10,8361.0,9223.0,2477.0,2477.0,Y,N,0.0,Permit / Isolation Wait
WO-00798,TAR-2024-COK,Delayed Coker Unit,Catalyst Handling,Cleaning,Planned,N,In-House Maintenance,2024-04-17,2024-04-19,2024-04-18,2024-04-21,36.8,52.4,10,4949.0,6625.0,994.0,994.0,Y,N,14.8,Safety Stand-down
WO-00799,TAR-2024-COK,Delayed Coker Unit,Electrical,Inspection,Discovery,Y,Delta Mechanical Ltd,2024-04-08,2024-04-16,2024-04-08,2024-05-06,148.60512109073832,523.9,6,22680.0,71892.0,3569.0,4516.0,N,Y,0.0,Scope Growth / Discovery
WO-00800,TAR-2024-COK,Delayed Coker Unit,Mechanical (Rotating),Overhaul,Discovery,N,Northgate Industrial,2024-04-05,2024-04-07,2024-04-05,2024-04-10,33.1,80.6,13,5307.0,11992.0,706.0,789.0,N,N,0.0,Scope Growth / Discovery
WO-00801,TAR-2024-COK,Delayed Coker Unit,Piping,Overhaul,Planned,N,Delta Mechanical Ltd,2024-04-16,2024-04-22,2024-04-16,2024-04-25,107.8,162.3,6,13034.0,18232.0,3177.0,3391.0,N,N,0.0,Material Delay
WO-00802,TAR-2024-COK,Delayed Coker Unit,Civil,Overhaul,Planned,N,Apex Turnaround Services,2024-04-22,2024-04-25,2024-04-23,2024-04-27,63.5,90.5,3,6099.0,8413.0,658.0,658.0,Y,Y,0.0,Rework / Quality
WO-00803,TAR-2024-COK,Delayed Coker Unit,Piping,Cleaning,Planned,N,Northgate Industrial,2024-04-25,2024-05-07,2024-04-26,2024-05-08,116.5,108.7,4,12400.0,11617.0,703.0,703.0,Y,N,0.0,On Plan
WO-00804,TAR-2024-COK,Delayed Coker Unit,Piping,Repair,Emergent,N,Apex Turnaround Services,2024-04-18,2024-04-22,2024-04-19,2024-04-28,71.6,160.2,10,10468.0,19143.0,3457.0,3457.0,Y,N,0.0,Scope Growth / Discovery
WO-00805,TAR-2024-COK,Delayed Coker Unit,Piping,Inspection,Planned,N,Delta Mechanical Ltd,2024-03-28,2024-03-31,2024-03-29,2024-04-01,27.3,31.0,2,3650.0,3996.0,1102.0,1102.0,Y,N,0.0,Inspection Hold
WO-00806,TAR-2024-COK,Delayed Coker Unit,Mechanical (Static/Vessels),Inspection,Planned,N,In-House Maintenance,2024-04-13,2024-04-17,2024-04-14,2024-04-18,52.6,47.0,5,8383.0,7695.0,1921.0,1921.0,Y,N,0.0,On Plan
WO-00807,TAR-2024-COK,Delayed Coker Unit,Valves,Replacement,Planned,Y,Sterling TAR Contractors,2024-03-21,2024-04-01,2024-03-22,2024-04-02,98.54244372152363,99.5,5,14602.0,14705.0,4011.0,4011.0,Y,N,0.0,On Plan
WO-00808,TAR-2024-COK,Delayed Coker Unit,Mechanical (Static/Vessels),Repair,Discovery,N,Sterling TAR Contractors,2024-04-19,2024-04-21,2024-04-19,2024-04-23,45.2,82.9,11,6185.0,10758.0,774.0,835.0,N,N,0.0,Scope Growth / Discovery
WO-00809,TAR-2024-COK,Delayed Coker Unit,Mechanical (Static/Vessels),Repair,Planned,N,Northgate Industrial,2024-04-29,2024-05-06,2024-04-30,2024-05-08,128.8,150.8,13,21429.0,24262.0,4841.0,4841.0,Y,Y,0.0,Rework / Quality
WO-00810,TAR-2024-COK,Delayed Coker Unit,Electrical,Overhaul,Emergent,N,In-House Maintenance,2024-03-19,2024-03-22,2024-03-19,2024-03-24,50.4,77.8,11,7160.0,10633.0,773.0,773.0,Y,N,0.0,Scope Growth / Discovery
WO-00811,TAR-2024-COK,Delayed Coker Unit,Piping,Cleaning,Planned,N,Northgate Industrial,2024-04-18,2024-04-28,2024-04-18,2024-04-28,153.2,142.6,6,17143.0,16120.0,2357.0,2357.0,Y,N,0.0,On Plan
WO-00812,TAR-2024-COK,Delayed Coker Unit,Piping,Repair,Emergent,N,Apex Turnaround Services,2024-03-19,2024-03-22,2024-03-20,2024-03-24,46.8,65.3,13,6231.0,8502.0,1887.0,2441.0,N,N,0.0,Scope Growth / Discovery
WO-00813,TAR-2024-COK,Delayed Coker Unit,Piping,Repair,Planned,N,Delta Mechanical Ltd,2024-04-04,2024-04-09,2024-04-04,2024-04-10,81.4,95.7,5,9538.0,11217.0,1715.0,2020.0,N,N,0.0,Material Delay
WO-00814,TAR-2024-COK,Delayed Coker Unit,Mechanical (Static/Vessels),Cleaning,Discovery,N,Northgate Industrial,2024-04-23,2024-04-30,2024-04-23,2024-05-01,112.4,124.0,11,15318.0,16813.0,835.0,835.0,Y,N,0.0,Scope Growth / Discovery
WO-00815,TAR-2024-COK,Delayed Coker Unit,Insulation,Repair,Planned,N,Northgate Industrial,2024-03-27,2024-04-01,2024-03-28,2024-04-02,56.2,53.5,13,5248.0,5061.0,1344.0,1344.0,Y,N,0.0,On Plan
WO-00816,TAR-2024-COK,Delayed Coker Unit,Instrumentation,Repair,Planned,Y,In-House Maintenance,2024-03-28,2024-04-13,2024-03-29,2024-04-18,248.62107521332422,304.4,3,38434.0,46228.0,3697.0,3697.0,Y,N,0.0,Labor Productivity
WO-00817,TAR-2024-COK,Delayed Coker Unit,Mechanical (Rotating),Repair,Planned,N,Northgate Industrial,2024-04-26,2024-04-29,2024-04-26,2024-04-29,52.3,56.6,7,9933.0,10528.0,2706.0,2706.0,Y,N,0.0,Permit / Isolation Wait
WO-00818,TAR-2024-COK,Delayed Coker Unit,Mechanical (Rotating),Cleaning,Planned,N,Delta Mechanical Ltd,2024-04-11,2024-04-15,2024-04-12,2024-04-19,41.1,70.3,8,6450.0,10547.0,845.0,960.0,N,N,0.0,Material Delay
WO-00819,TAR-2024-COK,Delayed Coker Unit,Valves,Repair,Planned,N,Northgate Industrial,2024-04-15,2024-04-21,2024-04-16,2024-04-24,87.1,117.6,8,11356.0,14792.0,1542.0,1542.0,Y,Y,0.0,Rework / Quality
WO-00820,TAR-2024-COK,Delayed Coker Unit,Scaffolding,Overhaul,Planned,N,In-House Maintenance,2024-04-27,2024-05-13,2024-04-28,2024-05-16,229.4,257.2,12,18912.0,20886.0,2624.0,2624.0,Y,N,0.0,Inspection Hold
WO-00821,TAR-2024-COK,Delayed Coker Unit,Scaffolding,Replacement,Planned,N,Northgate Industrial,2024-04-09,2024-04-16,2024-04-10,2024-04-17,129.6,131.2,5,10681.0,10797.0,1332.0,1332.0,Y,N,0.0,On Plan
WO-00822,TAR-2024-COK,Delayed Coker Unit,Insulation,Overhaul,Emergent,Y,In-House Maintenance,2024-03-23,2024-03-29,2024-03-23,2024-04-07,110.04293510692501,276.1,5,8706.0,20805.0,932.0,1300.0,N,N,0.0,Scope Growth / Discovery
WO-00823,TAR-2024-COK,Delayed Coker Unit,Piping,Repair,Discovery,N,Sterling TAR Contractors,2024-04-05,2024-04-09,2024-04-06,2024-04-12,47.6,77.0,2,5264.0,8064.0,729.0,729.0,Y,N,0.0,Scope Growth / Discovery
WO-00824,TAR-2024-COK,Delayed Coker Unit,Scaffolding,Repair,Discovery,N,Delta Mechanical Ltd,2024-04-12,2024-04-21,2024-04-12,2024-05-02,134.7,295.1,3,15071.0,27529.0,5128.0,5745.0,N,N,0.0,Scope Growth / Discovery
WO-00825,TAR-2024-COK,Delayed Coker Unit,Valves,Inspection,Planned,N,Apex Turnaround Services,2024-04-16,2024-04-23,2024-04-16,2024-04-26,77.0,106.9,2,10637.0,13805.0,2480.0,2480.0,Y,N,0.0,Permit / Isolation Wait
WO-00826,TAR-2024-COK,Delayed Coker Unit,Inspection/NDT,Overhaul,Planned,N,Apex Turnaround Services,2024-04-02,2024-04-11,2024-04-03,2024-04-16,125.9,185.1,13,22196.0,32015.0,1990.0,2308.0,N,N,0.0,Material Delay
WO-00827,TAR-2024-COK,Delayed Coker Unit,Mechanical (Rotating),Repair,Planned,N,Apex Turnaround Services,2024-03-29,2024-04-01,2024-03-29,2024-04-02,57.7,71.8,2,11211.0,13176.0,3170.0,3170.0,Y,N,0.0,Labor Productivity
WO-00828,TAR-2024-COK,Delayed Coker Unit,Piping,Repair,Planned,N,In-House Maintenance,2024-04-13,2024-04-19,2024-04-14,2024-04-22,69.1,86.6,13,9040.0,10738.0,2338.0,2338.0,Y,N,0.0,Labor Productivity
WO-00829,TAR-2024-COK,Delayed Coker Unit,Valves,Repair,Planned,N,Sterling TAR Contractors,2024-04-17,2024-04-22,2024-04-17,2024-04-23,107.3,124.4,10,15194.0,17148.0,2937.0,2937.0,Y,N,0.0,Permit / Isolation Wait
WO-00830,TAR-2024-COK,Delayed Coker Unit,Inspection/NDT,Inspection,Planned,N,Northgate Industrial,2024-04-11,2024-04-20,2024-04-11,2024-04-23,105.2,137.4,10,20004.0,25170.0,3128.0,3128.0,Y,N,0.0,Labor Productivity
WO-00831,TAR-2024-COK,Delayed Coker Unit,Mechanical (Static/Vessels),Replacement,Discovery,N,Sterling TAR Contractors,2024-04-17,2024-04-23,2024-04-18,2024-04-29,103.7,183.5,3,15594.0,26119.0,2339.0,2664.0,N,N,0.0,Scope Growth / Discovery
WO-00832,TAR-2024-COK,Delayed Coker Unit,Mechanical (Rotating),Overhaul,Planned,N,In-House Maintenance,2024-04-02,2024-04-14,2024-04-02,2024-04-15,206.3,224.9,11,37968.0,40604.0,8732.0,8732.0,Y,N,0.0,Permit / Isolation Wait
WO-00833,TAR-2024-COK,Delayed Coker Unit,Valves,Replacement,Planned,N,Apex Turnaround Services,2024-04-29,2024-05-17,2024-04-29,2024-05-19,201.8,223.9,12,32227.0,34765.0,9058.0,9058.0,Y,N,0.0,Labor Productivity
WO-00834,TAR-2024-COK,Delayed Coker Unit,Mechanical (Static/Vessels),Cleaning,Planned,N,Delta Mechanical Ltd,2024-04-10,2024-04-17,2024-04-10,2024-04-20,101.7,138.3,9,16089.0,20610.0,3524.0,3524.0,Y,N,0.0,Labor Productivity
WO-00835,TAR-2024-COK,Delayed Coker Unit,Scaffolding,Repair,Planned,N,Sterling TAR Contractors,2024-04-04,2024-04-08,2024-04-05,2024-04-09,73.7,80.0,6,6133.0,6569.0,1036.0,1036.0,Y,N,0.0,Inspection Hold
WO-00836,TAR-2024-COK,Delayed Coker Unit,Mechanical (Rotating),Overhaul,Emergent,N,Sterling TAR Contractors,2024-04-20,2024-04-28,2024-04-20,2024-05-02,67.7,102.9,4,10218.0,15217.0,1108.0,1370.0,N,N,0.0,Scope Growth / Discovery
WO-00837,TAR-2024-COK,Delayed Coker Unit,Piping,Overhaul,Planned,N,Northgate Industrial,2024-04-17,2024-05-01,2024-04-17,2024-05-01,121.8,118.2,7,12517.0,12178.0,1040.0,1040.0,Y,N,0.0,On Plan
WO-00838,TAR-2024-COK,Delayed Coker Unit,Mechanical (Rotating),Cleaning,Discovery,N,Apex Turnaround Services,2024-04-03,2024-04-04,2024-04-04,2024-04-06,23.7,38.1,9,3838.0,5910.0,525.0,584.0,N,N,0.0,Scope Growth / Discovery
WO-00839,TAR-2024-COK,Delayed Coker Unit,Mechanical (Static/Vessels),Replacement,Planned,Y,Apex Turnaround Services,2024-04-15,2024-04-17,2024-04-15,2024-04-17,34.37968743360722,36.0,11,5946.0,6147.0,1689.0,1689.0,Y,N,0.0,On Plan
WO-00840,TAR-2024-COK,Delayed Coker Unit,Instrumentation,Inspection,Planned,N,Delta Mechanical Ltd,2024-04-12,2024-05-06,2024-04-13,2024-05-16,229.5,313.2,4,42302.0,53205.0,12406.0,12406.0,Y,Y,0.0,Rework / Quality
WO-00841,TAR-2024-COK,Delayed Coker Unit,Piping,Replacement,Planned,N,Delta Mechanical Ltd,2024-04-21,2024-04-25,2024-04-21,2024-04-27,63.7,88.7,7,8021.0,10723.0,1654.0,1857.0,N,N,0.0,Material Delay
WO-00842,TAR-2024-COK,Delayed Coker Unit,Mechanical (Rotating),Replacement,Emergent,N,Northgate Industrial,2024-04-28,2024-05-15,2024-04-28,2024-06-20,188.3,584.1,3,32538.0,92753.0,4696.0,6387.0,N,N,0.0,Scope Growth / Discovery
WO-00843,TAR-2024-COK,Delayed Coker Unit,Piping,Cleaning,Planned,N,Northgate Industrial,2024-04-21,2024-04-29,2024-04-22,2024-04-30,148.6,157.7,11,16049.0,16890.0,2314.0,2314.0,Y,N,0.0,Labor Productivity
WO-00844,TAR-2024-COK,Delayed Coker Unit,Mechanical (Rotating),Repair,Planned,N,Apex Turnaround Services,2024-04-06,2024-04-11,2024-04-06,2024-04-11,60.4,57.9,9,10134.0,9794.0,1932.0,1932.0,Y,N,0.0,On Plan
WO-00845,TAR-2024-COK,Delayed Coker Unit,Piping,Inspection,Planned,N,Northgate Industrial,2024-04-13,2024-04-20,2024-04-14,2024-04-21,115.1,111.9,5,13984.0,13676.0,2892.0,2892.0,Y,N,0.0,On Plan
WO-00846,TAR-2024-COK,Delayed Coker Unit,Scaffolding,Replacement,Discovery,N,Sterling TAR Contractors,2024-04-09,2024-04-14,2024-04-10,2024-04-18,75.4,123.9,7,7726.0,11536.0,2297.0,2615.0,N,N,0.0,Scope Growth / Discovery
WO-00847,TAR-2024-COK,Delayed Coker Unit,Scaffolding,Inspection,Discovery,N,In-House Maintenance,2024-03-28,2024-04-01,2024-03-29,2024-04-04,54.4,76.8,9,6575.0,8165.0,2714.0,2714.0,Y,N,0.0,Scope Growth / Discovery
WO-00848,TAR-2024-COK,Delayed Coker Unit,Mechanical (Rotating),Inspection,Planned,N,Delta Mechanical Ltd,2024-04-25,2024-04-29,2024-04-26,2024-05-01,58.7,76.3,5,10789.0,13319.0,2351.0,2351.0,Y,N,0.0,Permit / Isolation Wait
WO-00849,TAR-2024-COK,Delayed Coker Unit,Piping,Repair,Planned,N,Delta Mechanical Ltd,2024-04-26,2024-04-28,2024-04-26,2024-04-29,28.4,40.4,12,4212.0,5379.0,1450.0,1450.0,Y,Y,0.0,Rework / Quality
WO-00850,TAR-2024-COK,Delayed Coker Unit,Mechanical (Static/Vessels),Overhaul,Emergent,N,Northgate Industrial,2024-04-12,2024-04-15,2024-04-13,2024-04-17,45.8,56.2,13,7439.0,8646.0,2124.0,2124.0,Y,N,0.0,Scope Growth / Discovery
WO-00851,TAR-2024-COK,Delayed Coker Unit,Piping,Repair,Planned,N,Delta Mechanical Ltd,2024-03-20,2024-03-24,2024-03-21,2024-03-26,61.8,70.7,11,6523.0,7386.0,532.0,532.0,Y,N,0.0,Labor Productivity
WO-00852,TAR-2024-COK,Delayed Coker Unit,Mechanical (Static/Vessels),Cleaning,Discovery,Y,Apex Turnaround Services,2024-04-14,2024-04-20,2024-04-15,2024-04-23,94.34314030142981,119.3,2,16447.0,19473.0,5008.0,5008.0,Y,N,0.0,Scope Growth / Discovery
WO-00853,TAR-2024-COK,Delayed Coker Unit,Instrumentation,Inspection,Planned,N,In-House Maintenance,2024-04-02,2024-04-17,2024-04-03,2024-04-24,152.6,216.5,2,22628.0,30688.0,3379.0,3379.0,Y,N,0.0,Labor Productivity
WO-00854,TAR-2024-COK,Delayed Coker Unit,Electrical,Repair,Discovery,N,In-House Maintenance,2024-04-07,2024-04-12,2024-04-07,2024-04-14,91.7,136.9,12,13805.0,19512.0,2226.0,2226.0,Y,N,0.0,Scope Growth / Discovery
WO-00855,TAR-2024-COK,Delayed Coker Unit,Piping,Inspection,Planned,N,Northgate Industrial,2024-04-22,2024-04-25,2024-04-22,2024-04-25,36.2,38.6,3,5142.0,5363.0,1806.0,1806.0,Y,N,0.0,Inspection Hold
WO-00856,TAR-2024-COK,Delayed Coker Unit,Inspection/NDT,Replacement,Planned,N,Delta Mechanical Ltd,2024-04-23,2024-05-06,2024-04-23,2024-05-06,235.8,241.8,11,38177.0,39059.0,3528.0,3528.0,Y,N,0.0,On Plan
WO-00857,TAR-2024-COK,Delayed Coker Unit,Catalyst Handling,Inspection,Discovery,N,Sterling TAR Contractors,2024-03-25,2024-04-11,2024-03-26,2024-04-25,298.9,523.8,7,33399.0,57041.0,1978.0,1978.0,Y,N,0.0,Scope Growth / Discovery
WO-00858,TAR-2024-COK,Delayed Coker Unit,Insulation,Inspection,Planned,N,Sterling TAR Contractors,2024-03-22,2024-04-01,2024-03-23,2024-04-05,121.4,162.8,9,11810.0,14749.0,3192.0,3192.0,Y,Y,0.0,Rework / Quality
WO-00859,TAR-2024-COK,Delayed Coker Unit,Instrumentation,Cleaning,Planned,Y,In-House Maintenance,2024-04-21,2024-04-25,2024-04-22,2024-04-28,54.75235397846283,77.7,2,7521.0,10523.0,484.0,536.0,N,N,0.0,Material Delay
WO-00860,TAR-2024-COK,Delayed Coker Unit,Mechanical (Rotating),Replacement,Discovery,N,Sterling TAR Contractors,2024-04-12,2024-04-13,2024-04-12,2024-04-14,16.5,34.1,6,2762.0,5117.0,553.0,553.0,Y,Y,0.0,Scope Growth / Discovery
WO-00861,TAR-2024-COK,Delayed Coker Unit,Electrical,Cleaning,Emergent,N,Northgate Industrial,2024-03-28,2024-03-30,2024-03-28,2024-03-31,33.6,56.1,6,5044.0,8117.0,675.0,823.0,N,N,9.1,Scope Growth / Discovery
WO-00862,TAR-2024-COK,Delayed Coker Unit,Piping,Inspection,Planned,N,Sterling TAR Contractors,2024-03-25,2024-04-07,2024-03-26,2024-04-08,171.0,165.7,8,18835.0,18355.0,3360.0,3360.0,Y,N,0.0,On Plan
WO-00863,TAR-2024-COK,Delayed Coker Unit,Mechanical (Rotating),Cleaning,Discovery,N,In-House Maintenance,2024-03-22,2024-03-23,2024-03-23,2024-03-24,8.3,10.9,5,1301.0,1713.0,89.0,121.0,N,N,0.0,Scope Growth / Discovery
WO-00864,TAR-2024-COK,Delayed Coker Unit,Scaffolding,Replacement,Emergent,N,Delta Mechanical Ltd,2024-04-09,2024-04-11,2024-04-10,2024-04-14,33.2,63.0,7,3105.0,5300.0,660.0,660.0,Y,N,0.0,Scope Growth / Discovery
WO-00865,TAR-2024-COK,Delayed Coker Unit,Mechanical (Rotating),Repair,Emergent,N,Northgate Industrial,2024-03-29,2024-04-22,2024-03-30,2024-05-20,251.1,538.8,12,38659.0,79248.0,4791.0,6575.0,N,N,0.0,Scope Growth / Discovery
WO-00866,TAR-2024-COK,Delayed Coker Unit,Mechanical (Static/Vessels),Replacement,Discovery,Y,Delta Mechanical Ltd,2024-04-14,2024-04-18,2024-04-14,2024-04-22,69.48939754773339,145.7,13,10759.0,20052.0,2286.0,2286.0,Y,N,0.0,Scope Growth / Discovery
WO-00867,TAR-2024-COK,Delayed Coker Unit,Inspection/NDT,Inspection,Discovery,N,In-House Maintenance,2024-04-09,2024-04-11,2024-04-10,2024-04-14,37.9,68.7,13,6570.0,11183.0,894.0,894.0,Y,N,0.0,Scope Growth / Discovery
WO-00868,TAR-2024-COK,Delayed Coker Unit,Mechanical (Rotating),Cleaning,Discovery,N,Sterling TAR Contractors,2024-04-09,2024-04-23,2024-04-10,2024-04-30,210.1,293.9,4,38738.0,50123.0,10194.0,10194.0,Y,N,0.0,Scope Growth / Discovery
WO-00869,TAR-2024-COK,Delayed Coker Unit,Piping,Replacement,Emergent,N,Apex Turnaround Services,2024-03-19,2024-03-30,2024-03-20,2024-04-11,98.1,196.4,5,12112.0,21714.0,3016.0,3503.0,N,N,0.0,Scope Growth / Discovery
WO-00870,TAR-2024-COK,Delayed Coker Unit,Electrical,Repair,Planned,N,Delta Mechanical Ltd,2024-04-23,2024-04-24,2024-04-23,2024-04-25,15.7,24.8,2,2524.0,3764.0,642.0,791.0,N,N,0.0,Material Delay
WO-00871,TAR-2024-COK,Delayed Coker Unit,Mechanical (Static/Vessels),Cleaning,Planned,Y,In-House Maintenance,2024-04-07,2024-04-22,2024-04-07,2024-04-22,180.5528209084821,181.5,4,27346.0,27461.0,5449.0,5449.0,Y,N,0.0,On Plan
WO-00872,TAR-2024-COK,Delayed Coker Unit,Inspection/NDT,Replacement,Planned,Y,Northgate Industrial,2024-04-15,2024-05-16,2024-04-16,2024-05-25,368.2857075280888,465.5,2,68199.0,83847.0,8918.0,8918.0,Y,Y,0.0,Rework / Quality
WO-00873,TAR-2024-COK,Delayed Coker Unit,Mechanical (Rotating),Overhaul,Emergent,N,Sterling TAR Contractors,2024-03-23,2024-04-05,2024-03-23,2024-04-06,159.9,167.6,2,25546.0,26810.0,3119.0,3303.0,N,N,15.2,On Plan
WO-00874,TAR-2024-COK,Delayed Coker Unit,Piping,Repair,Discovery,N,Delta Mechanical Ltd,2024-04-25,2024-05-14,2024-04-25,2024-05-19,157.6,202.0,10,23392.0,27610.0,8420.0,8420.0,Y,N,0.0,Scope Growth / Discovery
WO-00875,TAR-2024-COK,Delayed Coker Unit,Catalyst Handling,Cleaning,Planned,N,Sterling TAR Contractors,2024-04-21,2024-04-26,2024-04-21,2024-04-28,79.8,115.6,5,11570.0,15449.0,2924.0,2924.0,Y,N,13.6,Safety Stand-down
WO-00876,TAR-2024-COK,Delayed Coker Unit,Mechanical (Static/Vessels),Repair,Planned,Y,Apex Turnaround Services,2024-04-26,2024-05-05,2024-04-27,2024-05-07,171.50008686723635,194.6,4,27224.0,30047.0,6261.0,6261.0,Y,N,0.0,Permit / Isolation Wait
WO-00877,TAR-2024-COK,Delayed Coker Unit,Mechanical (Static/Vessels),Inspection,Planned,N,In-House Maintenance,2024-04-08,2024-04-15,2024-04-08,2024-04-15,111.8,113.7,7,19380.0,19624.0,5020.0,5020.0,Y,N,0.0,On Plan
WO-00878,TAR-2024-COK,Delayed Coker Unit,Insulation,Inspection,Planned,N,Apex Turnaround Services,2024-04-07,2024-04-13,2024-04-07,2024-04-14,102.2,123.0,6,11452.0,14399.0,4846.0,6448.0,N,N,10.1,Material Delay
WO-00879,TAR-2024-COK,Delayed Coker Unit,Valves,Replacement,Planned,N,Northgate Industrial,2024-03-28,2024-05-02,2024-03-29,2024-05-03,296.7,238.2,8,44622.0,38414.0,13138.0,13138.0,Y,N,0.0,On Plan
WO-00880,TAR-2024-COK,Delayed Coker Unit,Valves,Overhaul,Planned,N,Northgate Industrial,2024-04-05,2024-04-16,2024-04-05,2024-04-17,105.9,113.1,12,15539.0,16378.0,3206.0,3206.0,Y,N,0.0,Permit / Isolation Wait
WO-00881,TAR-2024-COK,Delayed Coker Unit,Mechanical (Rotating),Cleaning,Planned,N,Sterling TAR Contractors,2024-04-22,2024-04-25,2024-04-23,2024-04-26,48.0,37.8,12,9076.0,7669.0,2455.0,2455.0,Y,N,0.0,On Plan
WO-00882,TAR-2024-COK,Delayed Coker Unit,Mechanical (Rotating),Overhaul,Discovery,N,Northgate Industrial,2024-04-13,2024-04-16,2024-04-14,2024-04-18,42.4,58.9,9,7944.0,10815.0,1799.0,2279.0,N,N,0.0,Scope Growth / Discovery
WO-00883,TAR-2024-COK,Delayed Coker Unit,Piping,Overhaul,Planned,N,Apex Turnaround Services,2024-04-26,2024-05-02,2024-04-26,2024-05-03,107.5,123.4,3,12402.0,13937.0,2024.0,2024.0,Y,N,0.0,Labor Productivity
WO-00884,TAR-2024-COK,Delayed Coker Unit,Mechanical (Static/Vessels),Replacement,Planned,N,In-House Maintenance,2024-03-29,2024-04-08,2024-03-30,2024-04-10,153.4,164.0,2,23823.0,25089.0,5504.0,5504.0,Y,N,0.0,Inspection Hold
WO-00885,TAR-2024-COK,Delayed Coker Unit,Piping,Replacement,Discovery,N,Apex Turnaround Services,2024-03-24,2024-04-02,2024-03-25,2024-04-08,151.4,237.4,10,16108.0,24125.0,1993.0,1993.0,Y,N,0.0,Scope Growth / Discovery
WO-00886,TAR-2024-COK,Delayed Coker Unit,Valves,Inspection,Discovery,N,In-House Maintenance,2024-04-02,2024-04-05,2024-04-03,2024-04-07,47.8,57.1,2,7388.0,8368.0,2352.0,2352.0,Y,N,0.0,Scope Growth / Discovery
WO-00887,TAR-2024-COK,Delayed Coker Unit,Inspection/NDT,Replacement,Planned,N,In-House Maintenance,2024-03-18,2024-04-02,2024-03-18,2024-04-07,232.1,313.9,6,46505.0,59007.0,11034.0,11034.0,Y,N,0.0,Inspection Hold
WO-00888,TAR-2024-COK,Delayed Coker Unit,Mechanical (Static/Vessels),Inspection,Emergent,N,In-House Maintenance,2024-04-16,2024-04-17,2024-04-16,2024-04-18,13.3,33.0,9,2223.0,4553.0,696.0,765.0,N,N,0.0,Scope Growth / Discovery
WO-00889,TAR-2024-COK,Delayed Coker Unit,Mechanical (Static/Vessels),Repair,Planned,Y,Apex Turnaround Services,2024-04-02,2024-04-15,2024-04-02,2024-04-16,140.74576697086394,146.2,2,23908.0,24551.0,7326.0,7326.0,Y,N,0.0,On Plan
WO-00890,TAR-2024-COK,Delayed Coker Unit,Mechanical (Static/Vessels),Cleaning,Discovery,N,In-House Maintenance,2024-04-16,2024-04-21,2024-04-17,2024-04-23,100.5,126.2,5,17011.0,21890.0,5328.0,7219.0,N,N,0.0,Scope Growth / Discovery
WO-00891,TAR-2024-COK,Delayed Coker Unit,Insulation,Repair,Planned,N,Delta Mechanical Ltd,2024-04-18,2024-04-22,2024-04-19,2024-04-25,48.9,73.6,4,3706.0,5360.0,431.0,431.0,Y,Y,0.0,Rework / Quality
WO-00892,TAR-2024-COK,Delayed Coker Unit,Mechanical (Rotating),Repair,Discovery,N,Northgate Industrial,2024-03-24,2024-03-26,2024-03-25,2024-03-27,46.1,56.1,6,8332.0,9769.0,1709.0,1709.0,Y,N,0.0,Scope Growth / Discovery
WO-00893,TAR-2024-COK,Delayed Coker Unit,Piping,Repair,Discovery,N,Delta Mechanical Ltd,2024-04-21,2024-05-03,2024-04-21,2024-05-15,99.2,198.3,11,15192.0,25720.0,5290.0,5926.0,N,N,0.0,Scope Growth / Discovery
WO-00894,TAR-2024-COK,Delayed Coker Unit,Piping,Cleaning,Planned,N,Apex Turnaround Services,2024-03-25,2024-03-27,2024-03-25,2024-03-27,39.2,39.1,9,5297.0,5288.0,1584.0,1584.0,Y,N,0.0,On Plan
WO-00895,TAR-2024-COK,Delayed Coker Unit,Mechanical (Static/Vessels),Overhaul,Discovery,N,Apex Turnaround Services,2024-03-23,2024-04-09,2024-03-24,2024-04-17,290.4,411.3,3,39855.0,54658.0,4298.0,4298.0,Y,N,0.0,Scope Growth / Discovery
WO-00896,TAR-2024-COK,Delayed Coker Unit,Insulation,Cleaning,Planned,N,Delta Mechanical Ltd,2024-03-20,2024-03-25,2024-03-21,2024-03-28,103.6,153.1,9,7696.0,11211.0,781.0,992.0,N,N,0.0,Material Delay
WO-00897,TAR-2024-COK,Delayed Coker Unit,Mechanical (Rotating),Replacement,Planned,N,Delta Mechanical Ltd,2024-04-08,2024-04-12,2024-04-08,2024-04-13,66.7,90.3,11,10398.0,13566.0,1445.0,1445.0,Y,N,0.0,Labor Productivity
WO-00898,TAR-2024-COK,Delayed Coker Unit,Catalyst Handling,Repair,Planned,N,Apex Turnaround Services,2024-04-16,2024-04-20,2024-04-16,2024-04-20,60.3,61.1,8,6798.0,6882.0,482.0,482.0,Y,N,0.0,On Plan
WO-00899,TAR-2024-COK,Delayed Coker Unit,Scaffolding,Overhaul,Planned,N,Apex Turnaround Services,2024-03-28,2024-04-01,2024-03-29,2024-04-03,57.6,69.0,6,6233.0,7051.0,2099.0,2099.0,Y,N,0.0,Labor Productivity
WO-00900,TAR-2024-COK,Delayed Coker Unit,Inspection/NDT,Replacement,Planned,N,Delta Mechanical Ltd,2024-04-11,2024-04-19,2024-04-11,2024-04-19,105.7,87.5,7,21293.0,18476.0,4934.0,4934.0,Y,N,0.0,On Plan
